,close,high,label,low,open,y
0,17.1,17.2,1.0,16.88,16.94,17.22
1,17.23,17.23,0.0,17.0,17.22,17.17
2,17.17,17.3,0.0,17.07,17.17,16.81
3,16.7,16.9,0.0,16.57,16.81,16.68
4,16.7,16.76,1.0,16.62,16.68,16.77
5,16.74,16.83,0.0,16.48,16.77,16.65
6,16.68,16.86,1.0,16.6,16.65,16.88
7,16.9,16.98,0.0,16.65,16.88,16.81
8,17.12,17.23,1.0,16.8,16.81,17.25
9,16.82,17.25,0.0,16.75,17.25,16.78
10,16.75,16.96,0.0,16.64,16.78,16.65
11,16.38,16.68,0.0,16.25,16.65,16.39
12,16.2,16.58,0.0,16.1,16.39,16.08
13,15.88,16.21,0.0,15.81,16.08,16.07
14,15.86,16.11,0.0,15.74,16.07,15.82
15,15.99,16.17,1.0,15.7,15.82,16.46
16,15.98,16.49,0.0,15.77,16.46,15.93
17,15.44,15.96,0.0,15.44,15.93,15.51
18,15.01,15.67,0.0,14.9,15.51,15.14
19,15.05,15.3,0.0,14.87,15.14,15.1
20,15.17,15.32,1.0,15.03,15.1,15.12
21,15.46,15.6,1.0,15.12,15.12,15.34
22,15.01,15.52,0.0,14.99,15.34,15.01
23,15.19,15.25,1.0,14.92,15.01,15.18
24,14.99,15.47,1.0,14.95,15.18,15.2
25,15.07,15.24,0.0,14.94,15.2,15.02
26,14.8,15.02,0.0,14.48,15.02,14.87
27,15.22,15.25,1.0,14.77,14.87,15.07
28,15.17,15.19,1.0,14.85,15.07,15.23
29,15.41,15.48,1.0,15.18,15.23,15.5
30,15.44,15.52,0.0,15.32,15.5,15.4
31,15.54,15.6,1.0,15.32,15.4,15.49
32,15.58,15.71,1.0,15.33,15.49,15.61
33,15.49,15.68,0.0,15.44,15.61,15.45
34,15.38,15.51,1.0,15.14,15.45,15.48
35,15.59,15.71,0.0,15.33,15.48,15.32
36,15.24,15.35,0.0,15.13,15.32,15.27
37,15.31,15.41,1.0,15.16,15.27,15.43
38,15.79,15.83,1.0,15.4,15.43,15.87
39,15.73,15.96,0.0,15.67,15.87,15.85
40,15.57,15.85,0.0,15.55,15.85,15.55
41,15.81,15.85,1.0,15.52,15.55,15.89
42,16.06,16.38,1.0,15.89,15.89,16.32
43,16.52,16.61,1.0,16.3,16.32,16.41
44,16.53,16.72,1.0,16.4,16.41,16.51
45,16.79,16.94,1.0,16.51,16.51,16.57
46,16.53,16.65,0.0,16.1,16.57,16.51
47,16.32,16.59,0.0,16.26,16.51,16.35
48,16.46,16.64,1.0,16.28,16.35,16.47
49,16.36,16.59,0.0,16.23,16.47,16.28
50,16.5,16.63,1.0,16.28,16.28,16.46
51,16.56,16.57,1.0,16.32,16.46,16.62
52,16.44,16.81,0.0,16.34,16.62,16.37
53,16.34,16.54,0.0,16.32,16.37,16.34
54,16.03,16.34,0.0,15.97,16.34,16.1
55,16.09,16.2,1.0,15.92,16.1,16.17
56,16.32,16.59,1.0,16.14,16.17,16.34
57,16.54,16.57,1.0,16.31,16.34,16.48
58,16.56,16.68,1.0,16.47,16.48,16.55
59,16.61,16.69,0.0,16.39,16.55,16.45
60,16.53,16.58,1.0,16.42,16.45,16.58
61,16.29,16.6,0.0,16.22,16.58,16.39
62,16.51,16.56,1.0,16.3,16.39,16.55
63,16.92,16.98,1.0,16.42,16.55,16.78
64,16.87,16.92,1.0,16.76,16.78,16.91
65,17.35,17.41,1.0,16.9,16.91,17.42
66,17.52,18.07,1.0,17.25,17.42,17.52
67,17.64,17.88,0.0,17.41,17.52,17.51
68,18.18,18.3,1.0,17.4,17.51,18.15
69,18.38,18.47,1.0,18.06,18.15,18.3
70,18.97,19.12,1.0,18.13,18.3,18.67
71,18.17,18.68,0.0,17.96,18.67,18.01
72,18.39,18.4,1.0,17.99,18.01,18.5
73,18.38,18.53,0.0,18.23,18.5,17.58
74,17.45,17.78,0.0,17.3,17.58,17.37
75,17.72,17.78,1.0,17.15,17.37,17.71
76,17.64,17.83,0.0,17.5,17.71,17.69
77,17.39,17.72,0.0,17.34,17.69,17.28
78,16.92,17.36,0.0,16.88,17.28,16.98
79,16.75,17.0,0.0,16.63,16.98,16.82
80,16.97,17.05,1.0,16.78,16.82,17.11
81,16.53,17.13,0.0,16.53,17.11,16.68
82,16.95,16.99,0.0,16.56,16.68,16.63
83,16.32,16.9,0.0,16.25,16.63,16.17
84,16.49,16.7,1.0,16.11,16.17,16.34
85,15.92,16.51,0.0,15.43,16.34,15.77
86,15.29,15.95,1.0,15.25,15.77,16.04
87,16.33,16.83,0.0,16.0,16.04,15.95
88,16.41,16.64,1.0,15.91,15.95,16.45
89,16.47,16.5,1.0,16.33,16.45,16.49
90,16.14,16.5,1.0,16.08,16.49,16.51
91,16.39,16.66,0.0,16.14,16.51,16.41
92,16.27,16.47,0.0,15.96,16.41,16.27
93,16.03,16.44,0.0,15.95,16.27,15.83
94,15.79,16.0,0.0,15.51,15.83,15.45
95,15.1,15.49,0.0,15.06,15.45,14.81
96,15.48,15.9,1.0,14.63,14.81,15.42
97,15.54,15.79,0.0,15.36,15.42,15.04
98,15.31,15.31,1.0,14.89,15.04,15.6
99,15.45,15.83,1.0,15.43,15.6,15.83
100,15.69,15.84,0.0,15.36,15.83,15.61
101,15.34,15.69,0.0,15.0,15.61,15.31
102,15.02,15.55,0.0,14.98,15.31,15.04
103,15.18,15.2,1.0,14.96,15.04,15.32
104,15.43,15.5,0.0,15.16,15.32,15.12
105,15.0,15.38,1.0,14.96,15.12,15.19
106,14.94,15.36,0.0,14.94,15.19,15.05
107,14.79,15.12,0.0,14.62,15.05,14.93
108,14.69,15.06,1.0,14.65,14.93,14.94
109,15.1,15.14,1.0,14.87,14.94,15.02
110,15.29,15.35,1.0,14.98,15.02,15.46
111,15.17,15.49,0.0,15.15,15.46,15.29
112,15.65,15.69,1.0,15.23,15.29,15.58
113,15.49,15.65,1.0,15.34,15.58,15.72
114,15.6,15.72,0.0,15.44,15.72,15.66
115,15.54,15.67,1.0,15.47,15.66,15.71
116,15.21,15.84,0.0,15.09,15.71,15.24
117,15.09,15.51,0.0,15.07,15.24,15.14
118,15.23,15.39,0.0,14.95,15.14,15.11
119,14.83,15.19,0.0,14.7,15.11,14.86
120,14.81,14.92,0.0,14.57,14.86,14.83
121,14.73,14.86,0.0,14.58,14.83,14.53
122,14.04,14.54,0.0,13.88,14.53,13.95
123,13.84,14.22,1.0,13.79,13.95,13.99
124,14.09,14.15,1.0,13.75,13.99,14.08
125,14.07,14.24,1.0,14.03,14.08,14.23
126,14.13,14.46,0.0,14.0,14.23,14.18
127,14.4,14.42,1.0,14.12,14.18,14.43
128,14.6,14.77,1.0,14.4,14.43,14.6
129,14.89,14.93,1.0,14.59,14.6,14.93
130,14.94,15.21,1.0,14.78,14.93,15.06
131,15.52,15.6,1.0,14.99,15.06,15.32
132,15.37,15.42,0.0,15.2,15.32,15.31
133,15.37,15.39,1.0,15.04,15.31,15.33
134,14.9,15.37,0.0,13.86,15.33,15.23
135,15.1,15.38,0.0,15.02,15.23,14.99
136,15.2,15.28,0.0,14.8,14.99,14.27
137,13.91,14.28,0.0,13.75,14.27,13.89
138,13.88,14.17,0.0,13.81,13.89,13.78
139,13.99,14.04,1.0,13.52,13.78,13.96
140,14.15,14.22,1.0,13.95,13.96,14.07
141,13.95,14.1,0.0,13.89,14.07,13.91
142,13.87,13.99,0.0,13.85,13.91,13.9
143,13.76,13.96,0.0,13.75,13.9,13.69
144,13.88,13.98,1.0,13.68,13.69,14.01
145,14.0,14.08,0.0,13.96,14.01,13.95
146,13.94,14.07,1.0,13.91,13.95,14.0
147,14.18,14.2,1.0,13.92,14.0,14.16
148,14.16,14.25,0.0,14.02,14.16,14.06
149,14.34,14.38,1.0,14.0,14.06,14.34
150,14.4,14.52,0.0,14.34,14.34,14.26
151,14.35,14.46,0.0,14.2,14.26,14.14
152,13.87,14.2,0.0,13.84,14.14,13.77
153,13.85,13.99,1.0,13.75,13.77,13.81
154,13.83,13.96,0.0,13.76,13.81,13.75
155,13.79,13.9,1.0,13.68,13.75,13.84
156,13.94,14.0,1.0,13.75,13.84,13.98
157,13.99,14.05,0.0,13.84,13.98,13.85
158,13.85,14.0,0.0,13.8,13.85,13.85
159,13.79,13.95,0.0,13.74,13.85,13.81
160,13.65,13.87,0.0,13.54,13.81,13.53
161,13.4,13.64,0.0,13.39,13.53,13.29
162,13.26,13.37,1.0,13.14,13.29,13.36
163,13.21,13.4,0.0,13.21,13.36,13.24
164,13.43,13.47,1.0,13.03,13.24,13.27
165,13.18,13.42,0.0,13.18,13.27,13.11
166,13.11,13.14,1.0,12.94,13.11,13.2
167,13.37,13.41,1.0,13.13,13.2,13.33
168,13.51,13.55,1.0,13.26,13.33,13.69
169,13.62,13.75,0.0,13.56,13.69,13.56
170,13.53,13.62,1.0,13.5,13.56,13.66
171,13.75,13.82,1.0,13.62,13.66,13.88
172,13.65,13.92,0.0,13.57,13.88,13.68
173,13.68,13.77,1.0,13.54,13.68,13.83
174,13.73,13.88,0.0,13.61,13.83,13.76
175,13.63,13.76,1.0,13.6,13.76,14.03
176,14.27,14.35,1.0,13.77,14.03,14.2
177,14.19,14.23,1.0,13.98,14.2,14.33
178,13.89,14.33,0.0,13.88,14.33,13.95
179,13.86,14.06,0.0,13.84,13.95,13.94
180,14.18,14.26,1.0,13.92,13.94,14.19
181,14.04,14.25,0.0,13.97,14.19,13.93
182,14.17,14.24,1.0,13.93,13.93,14.3
183,14.5,14.51,1.0,14.24,14.3,14.46
184,14.28,14.53,0.0,14.25,14.46,14.33
185,14.39,14.45,1.0,14.14,14.33,14.36
186,14.34,14.39,0.0,14.06,14.36,14.26
187,14.17,14.35,0.0,13.99,14.26,14.19
188,14.27,14.35,1.0,14.13,14.19,14.2
189,14.28,14.32,1.0,14.13,14.2,14.45
190,14.61,14.77,1.0,14.4,14.45,14.6
191,14.52,14.7,0.0,14.34,14.6,14.6
192,14.23,14.61,0.0,14.14,14.6,14.21
193,14.49,14.56,1.0,14.18,14.21,14.45
194,14.41,14.58,0.0,14.38,14.45,14.36
195,14.43,14.47,1.0,14.27,14.36,14.57
196,15.25,15.48,1.0,14.5,14.57,16.75
197,15.93,16.76,0.0,15.75,16.75,16.17
198,16.25,16.73,1.0,15.9,16.17,16.2
199,15.93,16.28,0.0,15.75,16.2,15.73
200,15.49,15.8,1.0,15.37,15.73,15.79
201,15.8,16.25,1.0,15.79,15.79,15.9
202,15.97,16.0,0.0,15.73,15.9,15.9
203,16.31,16.41,1.0,15.86,15.9,16.3
204,16.4,16.44,0.0,16.15,16.3,16.22
205,16.46,16.48,1.0,16.2,16.22,16.4
206,16.42,16.43,1.0,16.2,16.4,16.45
207,16.4,16.45,0.0,16.31,16.45,16.37
208,16.49,16.52,1.0,16.33,16.37,16.5
209,16.15,16.52,0.0,16.08,16.5,16.29
210,16.19,16.4,0.0,16.18,16.29,16.21
211,16.17,16.23,1.0,16.01,16.21,16.31
212,16.2,16.35,0.0,16.02,16.31,16.18
213,16.27,16.4,1.0,16.18,16.18,16.29
214,16.44,16.5,1.0,16.25,16.29,17.22
215,16.97,17.6,0.0,16.86,17.22,17.0
216,16.94,17.01,0.0,16.75,17.0,16.63
217,16.8,16.86,1.0,16.52,16.63,16.65
218,16.55,16.75,0.0,16.4,16.65,16.56
219,16.6,16.89,0.0,16.33,16.56,16.45
220,16.24,16.49,0.0,16.1,16.45,16.21
221,16.15,16.33,1.0,16.11,16.21,16.4
222,16.99,17.17,1.0,16.29,16.4,16.97
223,16.57,16.97,0.0,16.52,16.97,16.43
224,16.56,16.65,0.0,16.25,16.43,16.34
225,16.19,16.43,0.0,16.04,16.34,16.31
226,16.41,16.48,0.0,16.15,16.31,16.25
227,16.22,16.4,0.0,16.22,16.25,16.1
228,16.38,16.45,1.0,15.95,16.1,16.2
229,15.82,16.34,0.0,15.77,16.2,16.0
230,16.15,16.4,1.0,16.0,16.0,16.2
231,16.33,16.41,1.0,16.12,16.2,16.27
232,16.35,16.37,1.0,16.2,16.27,16.47
233,16.33,16.6,1.0,16.3,16.47,16.5
234,16.94,17.07,1.0,16.5,16.5,17.01
235,17.02,17.22,1.0,16.96,17.01,17.12
236,16.95,17.19,0.0,16.8,17.12,16.97
237,17.01,17.05,0.0,16.91,16.97,16.9
238,16.7,16.99,0.0,16.69,16.9,16.77
239,16.63,16.84,0.0,16.57,16.77,16.55
240,16.45,16.73,0.0,16.42,16.55,16.45
241,16.51,16.7,1.0,16.44,16.45,16.51
242,16.38,16.66,0.0,16.32,16.51,16.38
243,16.28,16.42,0.0,16.15,16.38,16.31
244,16.6,16.68,1.0,16.2,16.31,16.67
245,16.63,16.78,0.0,16.56,16.67,16.56
246,16.72,16.73,1.0,16.45,16.56,16.62
247,16.48,16.63,0.0,16.4,16.62,16.47
248,16.43,16.54,1.0,16.33,16.47,16.5
249,16.61,16.77,1.0,16.43,16.5,16.6
250,16.76,16.77,1.0,16.52,16.6,16.74
251,16.63,16.76,1.0,16.47,16.74,16.81
252,16.75,16.94,0.0,16.67,16.81,16.71
253,16.59,16.83,0.0,16.57,16.71,16.55
254,16.91,16.91,1.0,16.34,16.55,16.9
255,17.06,17.34,1.0,16.77,16.9,17.03
256,16.9,17.17,0.0,16.65,17.03,16.78
257,16.6,16.8,0.0,16.5,16.78,16.7
258,16.58,16.73,1.0,16.53,16.7,16.71
259,16.65,16.81,0.0,16.59,16.71,16.64
260,16.75,16.92,1.0,16.57,16.64,16.67
261,16.81,16.83,0.0,16.6,16.67,16.62
262,16.5,16.68,0.0,16.42,16.62,16.49
263,16.31,16.55,0.0,16.23,16.49,16.29
264,16.23,16.33,0.0,16.09,16.29,16.27
265,15.97,16.31,0.0,15.93,16.27,16.0
266,16.09,16.24,1.0,15.76,16.0,16.17
267,16.02,16.19,0.0,15.85,16.17,15.93
268,15.57,16.05,0.0,15.41,15.93,15.58
269,16.2,16.36,1.0,15.58,15.58,16.15
270,15.83,16.21,0.0,15.68,16.15,15.82
271,16.12,16.2,1.0,15.79,15.82,16.33
272,16.38,16.46,0.0,16.23,16.33,16.25
273,16.57,16.66,1.0,16.25,16.25,16.48
274,16.69,16.91,1.0,16.4,16.48,16.74
275,16.79,16.91,1.0,16.45,16.74,16.81
276,16.8,17.0,1.0,16.77,16.81,16.83
277,16.6,16.85,0.0,16.48,16.83,16.54
278,16.43,16.7,0.0,16.35,16.54,16.39
279,16.62,16.72,1.0,16.35,16.39,16.58
280,16.85,16.87,1.0,16.54,16.58,16.84
281,16.89,16.93,0.0,16.72,16.84,16.8
282,17.2,17.39,1.0,16.78,16.8,17.23
283,17.76,17.82,1.0,17.21,17.23,17.75
284,17.77,17.82,0.0,17.5,17.75,17.69
285,17.66,17.84,0.0,17.57,17.69,17.08
286,16.91,17.39,0.0,16.87,17.08,17.03
287,16.58,17.1,0.0,16.35,17.03,16.66
288,16.37,16.73,0.0,16.04,16.66,16.39
289,16.5,16.77,0.0,16.38,16.39,16.37
290,16.4,16.6,1.0,16.28,16.37,16.46
291,16.1,16.49,1.0,16.08,16.46,16.65
292,16.63,16.85,1.0,16.6,16.65,16.85
293,16.86,17.05,0.0,16.76,16.85,16.75
294,17.08,17.2,1.0,16.72,16.75,17.07
295,16.7,17.15,0.0,16.49,17.07,16.74
296,16.94,17.02,1.0,16.72,16.74,16.89
297,17.65,17.7,1.0,16.85,16.89,17.3
298,17.06,17.39,0.0,16.93,17.3,17.0
299,17.42,17.54,1.0,17.0,17.0,17.24
300,17.31,17.44,0.0,17.09,17.24,16.66
301,16.33,16.68,0.0,16.04,16.66,16.33
302,15.91,16.48,0.0,15.85,16.33,16.16
303,15.86,16.42,0.0,15.81,16.16,16.1
304,16.03,16.19,1.0,16.01,16.1,16.18
305,16.29,16.5,1.0,16.16,16.18,16.29
306,16.36,16.48,1.0,16.16,16.29,16.3
307,16.13,16.34,0.0,15.98,16.3,16.19
308,16.83,16.91,1.0,16.17,16.19,16.94
309,16.96,17.05,1.0,16.7,16.94,17.01
310,16.58,17.06,0.0,16.58,17.01,16.6
311,16.75,16.78,1.0,16.53,16.6,16.83
312,16.74,16.92,0.0,16.68,16.83,16.71
313,16.68,16.88,1.0,16.65,16.71,16.83
314,16.84,16.98,1.0,16.72,16.83,16.9
315,16.87,17.05,0.0,16.81,16.9,16.81
316,17.11,17.29,1.0,16.79,16.81,17.17
317,17.05,17.2,0.0,16.94,17.17,16.91
318,17.0,17.1,1.0,16.79,16.91,17.08
319,16.77,17.11,0.0,16.77,17.08,16.91
320,16.59,16.96,0.0,16.37,16.91,16.55
321,16.36,16.64,0.0,16.29,16.55,16.43
322,16.64,16.69,1.0,16.43,16.43,16.55
323,16.69,16.82,1.0,16.43,16.55,16.64
324,16.62,16.78,0.0,16.54,16.64,16.35
325,16.35,16.44,0.0,16.06,16.35,16.21
326,16.12,16.36,1.0,16.08,16.21,16.7
327,16.87,17.23,1.0,16.59,16.7,16.93
328,16.85,16.94,1.0,16.74,16.93,17.01
329,17.11,17.31,1.0,16.9,17.01,17.11
330,17.28,17.37,1.0,17.02,17.11,17.3
331,17.26,17.43,0.0,17.18,17.3,17.22
332,17.51,17.53,1.0,17.17,17.22,17.46
333,17.7,17.77,1.0,17.36,17.46,17.79
334,18.14,18.35,1.0,17.57,17.79,18.23
335,17.92,18.64,0.0,17.88,18.23,17.99
336,18.2,18.38,1.0,17.96,17.99,18.12
337,18.43,18.56,1.0,18.05,18.12,18.59
338,18.65,18.8,1.0,18.38,18.59,18.6
339,18.56,18.84,1.0,18.54,18.6,18.67
340,18.55,18.7,0.0,18.42,18.67,18.45
341,17.2,18.61,0.0,16.74,18.45,17.12
342,17.17,17.81,0.0,16.93,17.12,16.14
343,16.55,16.84,1.0,15.96,16.14,16.68
344,15.81,16.69,0.0,15.63,16.68,15.88
345,16.0,16.07,1.0,15.73,15.88,16.07
346,15.96,16.16,0.0,15.75,16.07,16.05
347,16.35,16.49,1.0,16.04,16.05,16.32
348,16.3,16.44,0.0,16.15,16.32,16.05
349,16.06,16.17,1.0,16.0,16.05,16.11
350,16.14,16.41,1.0,16.05,16.11,16.19
351,16.15,16.99,0.0,16.1,16.19,16.18
352,15.98,16.22,0.0,15.88,16.18,16.03
353,16.02,16.19,1.0,15.95,16.03,16.17
354,16.55,16.59,1.0,16.12,16.17,16.34
355,15.85,16.43,0.0,15.79,16.34,16.0
356,16.02,16.11,0.0,15.87,16.0,15.82
357,15.68,16.0,0.0,15.63,15.82,15.65
358,15.45,15.85,0.0,15.41,15.65,15.54
359,15.45,15.65,0.0,15.32,15.54,15.37
360,15.1,15.38,0.0,15.08,15.37,15.18
361,15.22,15.33,1.0,14.94,15.18,15.27
362,15.2,15.73,0.0,15.11,15.27,15.2
363,15.16,15.34,1.0,15.1,15.2,15.26
364,15.2,15.56,0.0,15.19,15.26,15.01
365,14.81,15.05,0.0,14.5,15.01,15.01
366,14.78,15.09,0.0,14.65,15.01,14.98
367,14.7,14.98,0.0,14.56,14.98,14.66
368,14.99,15.42,1.0,14.66,14.66,15.03
369,15.35,15.38,1.0,14.91,15.03,15.29
370,15.23,15.53,0.0,15.19,15.29,15.08
371,15.08,15.09,0.0,14.72,15.08,15.08
372,14.89,15.16,0.0,14.85,15.08,14.87
373,14.88,14.98,1.0,14.77,14.87,14.95
374,14.95,15.18,1.0,14.88,14.95,14.96
375,14.89,15.05,1.0,14.68,14.96,14.98
376,15.04,15.1,1.0,14.64,14.98,15.08
377,15.45,15.5,1.0,15.02,15.08,15.4
378,15.49,15.67,1.0,15.25,15.4,15.53
379,15.72,15.81,1.0,15.52,15.53,15.78
380,15.81,15.95,0.0,15.7,15.78,15.62
381,15.61,15.69,0.0,15.44,15.62,15.43
382,15.05,15.44,0.0,14.99,15.43,15.01
383,14.86,15.18,0.0,14.85,15.01,15.01
384,14.91,15.1,0.0,14.87,15.01,14.88
385,14.63,14.99,0.0,14.6,14.88,14.75
386,14.69,14.94,0.0,14.61,14.75,14.68
387,14.42,14.69,0.0,14.37,14.68,14.57
388,14.59,14.69,0.0,14.45,14.57,14.15
389,13.48,14.15,0.0,13.45,14.15,13.5
390,13.59,13.63,1.0,13.36,13.5,13.65
391,13.98,14.05,1.0,13.57,13.65,13.84
392,13.69,13.88,0.0,13.68,13.84,13.7
393,13.94,13.99,1.0,13.65,13.7,13.87
394,13.59,13.9,0.0,13.57,13.87,13.6
395,13.5,13.71,1.0,13.43,13.6,13.89
396,13.1,14.07,0.0,13.04,13.89,13.24
397,13.1,13.34,0.0,12.95,13.24,12.96
398,12.76,13.18,0.0,12.75,12.96,12.77
399,13.02,13.07,1.0,12.53,12.77,12.8
400,12.0,12.86,0.0,11.99,12.8,12.08
401,11.74,12.12,0.0,11.41,12.08,11.43
402,11.09,11.8,0.0,11.09,11.43,11.3
403,12.09,12.09,1.0,11.25,11.3,11.77
404,11.77,12.14,1.0,11.62,11.77,11.89
405,12.86,12.92,1.0,11.88,11.89,12.81
406,13.59,13.62,1.0,12.76,12.81,13.63
407,13.47,13.69,0.0,13.27,13.63,13.34
408,13.48,13.57,1.0,13.18,13.34,13.49
409,13.47,13.62,0.0,13.32,13.49,13.02
410,12.96,13.09,0.0,12.8,13.02,12.75
411,12.92,13.08,1.0,12.72,12.75,13.16
412,12.84,13.23,0.0,12.77,13.16,12.91
413,13.35,13.35,1.0,12.75,12.91,13.28
414,13.15,13.3,0.0,12.79,13.28,13.12
415,12.87,13.21,0.0,12.81,13.12,12.8
416,12.74,12.89,1.0,12.52,12.8,12.9
417,13.68,13.68,1.0,12.69,12.9,13.3
418,13.84,13.98,1.0,13.23,13.3,13.91
419,13.61,13.94,0.0,13.54,13.91,13.67
420,13.35,13.78,0.0,13.32,13.67,13.12
421,12.87,13.13,0.0,12.86,13.12,12.52
422,12.91,12.95,1.0,12.45,12.52,13.75
423,13.61,14.0,0.0,13.24,13.75,13.57
424,14.44,14.49,1.0,13.37,13.57,14.36
425,14.48,14.57,0.0,14.07,14.36,14.12
426,14.26,14.28,1.0,13.92,14.12,14.3
427,14.26,14.34,1.0,14.12,14.3,14.47
428,14.55,14.94,1.0,14.34,14.47,14.73
429,14.89,15.4,1.0,14.51,14.73,15.09
430,14.97,15.34,0.0,14.94,15.09,14.76
431,14.61,14.79,0.0,14.4,14.76,14.53
432,14.36,14.66,0.0,14.28,14.53,14.38
433,13.96,14.6,0.0,13.96,14.38,14.2
434,13.99,14.25,1.0,13.69,14.2,14.23
435,14.71,14.83,1.0,14.12,14.23,14.79
436,14.75,14.8,1.0,14.23,14.79,14.92
437,14.54,15.0,0.0,14.44,14.92,14.61
438,14.19,14.62,0.0,14.15,14.61,14.34
439,13.42,14.39,0.0,13.15,14.34,13.21
440,13.17,13.44,1.0,13.11,13.21,13.7
441,13.53,14.04,1.0,13.37,13.7,14.0
442,14.46,14.48,1.0,13.87,14.0,14.66
443,15.92,16.15,1.0,14.39,14.66,15.16
444,15.65,15.8,1.0,14.92,15.16,15.64
445,15.47,15.75,1.0,15.38,15.64,15.86
446,15.84,16.04,0.0,15.62,15.86,15.79
447,15.86,15.95,1.0,15.59,15.79,15.93
448,15.77,15.95,0.0,15.67,15.93,15.76
449,15.93,16.37,1.0,15.54,15.76,16.13
450,15.91,16.15,0.0,15.66,16.13,15.95
451,15.7,16.04,0.0,15.65,15.95,15.72
452,15.47,15.74,1.0,15.11,15.72,16.04
453,15.94,16.79,1.0,15.73,16.04,16.2
454,16.18,16.49,1.0,15.97,16.2,16.38
455,16.12,16.39,1.0,16.06,16.38,16.57
456,16.71,16.75,1.0,16.31,16.57,16.66
457,16.24,16.7,0.0,16.18,16.66,16.33
458,16.3,16.44,1.0,15.86,16.33,16.56
459,16.63,16.7,0.0,16.45,16.56,16.41
460,16.56,16.7,0.0,16.25,16.41,16.06
461,15.64,16.07,0.0,15.45,16.06,14.95
462,14.93,15.08,1.0,14.75,14.95,15.1
463,15.1,15.3,1.0,15.0,15.1,15.2
464,15.48,15.5,1.0,15.03,15.2,15.39
465,15.24,15.54,0.0,14.95,15.39,15.26
466,15.69,15.7,1.0,15.25,15.26,15.87
467,15.97,16.18,1.0,15.81,15.87,16.17
468,15.92,16.5,1.0,15.87,16.17,16.18
469,15.95,16.22,0.0,15.84,16.18,15.96
470,16.27,16.31,1.0,15.91,15.96,16.17
471,16.0,16.31,0.0,15.93,16.17,15.93
472,15.93,16.05,0.0,15.7,15.93,15.8
473,15.72,16.1,0.0,15.7,15.8,15.69
474,15.34,15.77,0.0,15.2,15.69,15.57
475,15.38,15.69,0.0,15.37,15.57,15.19
476,14.99,15.19,0.0,14.77,15.19,14.88
477,14.97,15.08,1.0,14.75,14.88,15.2
478,14.94,15.24,0.0,14.83,15.2,15.0
479,15.1,15.25,1.0,14.9,15.0,15.24
480,15.35,15.47,1.0,15.21,15.24,15.6
481,15.7,15.94,1.0,15.45,15.6,15.9
482,15.71,16.04,1.0,15.65,15.9,16.42
483,16.23,16.46,0.0,16.09,16.42,16.31
484,16.05,16.41,0.0,16.03,16.31,16.11
485,15.89,16.14,0.0,15.83,16.11,15.9
486,15.84,16.05,0.0,15.84,15.9,15.82
487,15.62,15.86,0.0,15.56,15.82,15.6
488,15.61,15.76,1.0,15.53,15.6,15.61
489,15.94,15.96,1.0,15.6,15.61,15.71
490,15.47,15.72,0.0,15.41,15.71,15.54
491,15.42,15.74,0.0,15.35,15.54,15.19
492,15.02,15.28,1.0,14.8,15.19,15.21
493,15.16,15.29,0.0,15.01,15.21,15.05
494,14.96,15.26,0.0,14.92,15.05,14.95
495,14.62,15.0,0.0,14.57,14.95,14.68
496,15.11,15.19,1.0,14.68,14.68,15.15
497,15.99,16.24,1.0,14.74,15.15,16.36
498,16.0,16.4,0.0,15.95,16.36,16.05
499,16.19,16.26,1.0,15.87,16.05,16.16
500,16.09,16.17,0.0,16.01,16.16,16.03
501,15.78,16.05,0.0,15.67,16.03,15.95
502,16.13,16.23,1.0,15.8,15.95,16.18
503,16.13,16.21,1.0,16.03,16.18,16.27
504,16.29,16.39,0.0,16.2,16.27,16.12
505,15.78,16.16,0.0,15.74,16.12,15.6
506,15.64,15.69,1.0,15.44,15.6,15.64
507,15.52,15.66,0.0,15.4,15.64,15.59
508,15.46,15.61,0.0,15.35,15.59,15.57
509,15.51,15.71,0.0,15.5,15.57,15.56
510,15.53,15.62,1.0,15.35,15.56,15.58
511,15.66,15.73,1.0,15.45,15.58,15.65
512,15.48,15.67,0.0,15.43,15.65,15.63
513,15.43,15.66,1.0,15.39,15.63,15.87
514,15.92,16.0,1.0,15.69,15.87,15.9
515,16.12,16.15,1.0,15.89,15.9,16.11
516,15.96,16.11,0.0,15.85,16.11,15.85
517,15.68,15.93,0.0,15.64,15.85,15.57
518,15.69,15.81,1.0,15.55,15.57,15.6
519,15.56,15.71,1.0,15.46,15.6,15.63
520,15.53,15.69,0.0,15.42,15.63,15.5
521,15.74,15.8,1.0,15.46,15.5,15.61
522,15.55,15.65,0.0,15.5,15.61,15.54
523,15.47,15.62,1.0,15.41,15.54,15.57
524,15.73,15.8,1.0,15.53,15.57,15.76
525,15.72,15.82,1.0,15.69,15.76,15.94
526,15.92,15.98,0.0,15.83,15.94,15.94
527,15.82,15.95,0.0,15.76,15.94,15.84
528,15.83,15.89,1.0,15.74,15.84,15.96
529,15.78,15.97,1.0,15.72,15.96,16.1
530,16.0,16.1,0.0,15.9,16.1,16.02
531,16.14,16.31,1.0,16.0,16.02,16.13
532,16.12,16.24,0.0,16.05,16.13,16.07
533,15.37,16.1,0.0,14.92,16.07,15.23
534,15.12,15.3,1.0,15.08,15.23,15.25
535,15.36,15.38,1.0,15.1,15.25,15.41
536,15.01,15.44,0.0,15.0,15.41,15.04
537,14.75,15.07,0.0,14.75,15.04,14.68
538,14.5,14.75,0.0,14.43,14.68,14.55
539,14.78,14.81,1.0,14.37,14.55,14.86
540,14.89,14.97,0.0,14.83,14.86,14.74
541,14.86,14.91,1.0,14.72,14.74,14.93
542,14.9,14.99,0.0,14.76,14.93,14.89
543,14.83,14.93,0.0,14.78,14.89,14.89
544,14.93,14.96,0.0,14.79,14.89,14.89
545,14.72,14.92,0.0,14.66,14.89,14.66
546,14.62,14.95,0.0,14.52,14.66,14.61
547,14.42,14.69,0.0,14.35,14.61,14.48
548,14.62,14.71,1.0,14.44,14.48,14.7
549,14.62,14.77,0.0,14.52,14.7,14.63
550,14.63,14.7,1.0,14.61,14.63,14.66
551,14.49,14.76,0.0,14.48,14.66,14.54
552,14.55,14.62,0.0,14.39,14.54,14.54
553,14.63,14.64,1.0,14.42,14.54,14.64
554,14.89,14.98,1.0,14.57,14.64,14.95
555,15.18,15.18,1.0,14.92,14.95,15.08
556,15.15,15.22,0.0,14.92,15.08,15.0
557,15.41,15.61,1.0,14.92,15.0,15.42
558,15.51,15.61,1.0,15.17,15.42,15.51
559,15.49,15.56,1.0,15.38,15.51,15.52
560,15.39,15.59,0.0,15.31,15.52,15.46
561,15.54,15.56,1.0,15.36,15.46,15.53
562,15.43,15.55,0.0,15.41,15.53,15.45
563,15.32,15.48,0.0,15.14,15.45,15.19
564,15.3,15.34,1.0,15.11,15.19,15.37
565,15.22,15.42,0.0,15.18,15.37,15.19
566,15.46,15.51,1.0,15.11,15.19,15.36
567,15.18,15.43,0.0,15.06,15.36,15.15
568,15.27,15.34,0.0,15.0,15.15,15.14
569,15.07,15.26,0.0,15.0,15.14,15.0
570,15.1,15.25,1.0,14.96,15.0,15.08
571,14.99,15.18,0.0,14.91,15.08,15.08
572,14.88,15.08,0.0,14.84,15.08,14.9
573,15.06,15.1,1.0,14.84,14.9,14.99
574,14.87,15.18,1.0,14.86,14.99,15.0
575,14.79,15.04,0.0,14.73,15.0,14.82
576,15.01,15.18,1.0,14.82,14.82,15.4
577,15.49,15.57,1.0,15.3,15.4,15.44
578,15.4,15.57,0.0,15.36,15.44,15.41
579,15.6,15.7,0.0,15.39,15.41,15.41
580,15.33,15.47,0.0,15.29,15.41,15.33
581,15.43,15.52,1.0,15.33,15.33,15.43
582,15.5,15.51,1.0,15.38,15.43,15.44
583,15.53,15.55,1.0,15.38,15.44,15.51
584,15.57,15.62,1.0,15.49,15.51,15.55
585,15.54,15.57,0.0,15.45,15.55,15.51
586,15.63,15.73,1.0,15.5,15.51,15.58
587,15.67,15.77,1.0,15.54,15.58,15.65
588,15.4,15.65,0.0,15.33,15.65,15.25
589,15.15,15.29,1.0,15.09,15.25,15.34
590,15.35,15.49,0.0,15.16,15.34,15.31
591,15.36,15.44,0.0,15.09,15.31,15.17
592,15.3,15.45,1.0,15.03,15.17,15.4
593,15.44,15.54,0.0,15.3,15.4,14.88
594,15.19,15.44,1.0,14.8,14.88,15.48
595,15.5,15.77,0.0,15.4,15.48,15.47
596,15.4,15.55,0.0,15.34,15.47,15.4
597,15.28,15.57,0.0,15.26,15.4,15.26
598,14.87,15.37,1.0,14.85,15.26,15.78
599,15.42,15.87,1.0,15.36,15.78,16.0
600,15.58,16.0,0.0,15.1,16.0,15.58
601,15.29,15.61,0.0,15.19,15.58,15.19
602,15.38,15.43,1.0,15.14,15.19,15.34
603,15.35,15.51,1.0,15.22,15.34,15.4
604,15.36,15.48,0.0,15.28,15.4,15.4
605,15.47,15.55,0.0,15.28,15.4,15.3
606,15.25,15.34,0.0,15.16,15.3,15.23
607,15.24,15.37,0.0,15.12,15.23,15.04
608,14.92,15.12,0.0,14.85,15.04,14.9
609,15.01,15.03,1.0,14.81,14.9,15.0
610,15.1,15.14,1.0,14.91,15.0,15.14
611,15.36,15.41,1.0,15.14,15.14,15.47
612,15.36,15.5,1.0,15.33,15.47,15.52
613,15.65,15.68,1.0,15.4,15.52,15.73
614,15.3,15.73,0.0,15.27,15.73,15.35
615,15.47,15.52,1.0,15.26,15.35,15.47
616,15.34,15.49,0.0,15.27,15.47,15.3
617,15.36,15.46,1.0,15.25,15.3,15.44
618,15.36,15.44,0.0,15.33,15.44,15.33
619,15.49,15.54,1.0,15.27,15.33,15.52
620,15.65,15.69,1.0,15.51,15.52,15.69
621,15.74,15.75,1.0,15.58,15.69,15.74
622,15.52,15.8,0.0,15.47,15.74,15.53
623,15.61,15.7,0.0,15.52,15.53,15.51
624,15.44,15.55,0.0,15.31,15.51,15.4
625,15.35,15.47,1.0,15.19,15.4,15.41
626,15.52,15.63,0.0,15.38,15.41,15.41
627,15.45,15.48,1.0,15.29,15.41,15.61
628,15.83,15.83,1.0,15.53,15.61,15.8
629,15.84,15.94,1.0,15.76,15.8,15.83
630,15.98,15.99,1.0,15.82,15.83,15.9
631,15.85,15.99,0.0,15.81,15.9,15.8
632,15.78,15.91,0.0,15.68,15.8,15.78
633,15.75,15.84,1.0,15.7,15.78,15.83
634,15.82,15.98,0.0,15.71,15.83,15.82
635,15.8,15.94,0.0,15.68,15.82,15.63
636,15.69,15.81,1.0,15.54,15.63,15.7
637,15.74,15.84,0.0,15.69,15.7,15.69
638,15.65,15.8,1.0,15.6,15.69,15.85
639,15.6,15.89,0.0,15.42,15.85,15.64
640,15.7,15.75,1.0,15.51,15.64,15.71
641,15.73,15.86,1.0,15.64,15.71,15.75
642,15.92,15.94,0.0,15.68,15.75,15.7
643,15.76,15.81,1.0,15.59,15.7,15.74
644,15.43,15.76,0.0,15.23,15.74,15.52
645,15.5,15.64,1.0,15.4,15.52,15.69
646,15.8,15.88,1.0,15.62,15.69,15.88
647,16.11,16.17,1.0,15.84,15.88,16.15
648,15.98,16.15,0.0,15.9,16.15,16.0
649,15.84,16.06,0.0,15.81,16.0,15.86
650,15.99,16.07,0.0,15.83,15.86,15.86
651,15.75,16.0,1.0,15.64,15.86,15.89
652,15.97,16.03,1.0,15.82,15.89,16.0
653,16.04,16.07,1.0,15.95,16.0,16.09
654,16.22,16.37,1.0,16.07,16.09,16.15
655,16.17,16.32,1.0,16.09,16.15,16.16
656,16.01,16.16,0.0,15.98,16.16,15.25
657,15.15,15.35,0.0,15.01,15.25,15.03
658,15.02,15.21,1.0,15.0,15.03,15.04
659,14.73,15.05,0.0,14.69,15.04,14.77
660,14.76,14.86,1.0,14.65,14.77,14.81
661,14.99,15.01,1.0,14.75,14.81,15.02
662,15.03,15.07,0.0,14.85,15.02,14.99
663,14.96,15.05,0.0,14.88,14.99,14.95
664,14.97,15.01,0.0,14.88,14.95,14.95
665,14.92,14.99,0.0,14.86,14.95,14.9
666,14.87,14.97,0.0,14.82,14.9,14.82
667,14.92,14.94,1.0,14.77,14.82,14.92
668,14.85,14.93,0.0,14.77,14.92,14.84
669,14.72,14.87,0.0,14.69,14.84,14.73
670,14.84,14.94,1.0,14.7,14.73,14.81
671,14.67,14.84,0.0,14.64,14.81,14.79
672,14.65,14.82,0.0,14.59,14.79,14.64
673,14.89,14.98,1.0,14.59,14.64,14.86
674,15.09,15.14,1.0,14.85,14.86,15.13
675,15.11,15.15,0.0,14.96,15.13,15.12
676,15.22,15.29,1.0,15.1,15.12,15.19
677,15.11,15.28,0.0,15.11,15.19,15.09
678,15.16,15.25,1.0,15.06,15.09,15.3
679,15.4,15.55,1.0,15.28,15.3,15.38
680,15.6,15.69,1.0,15.37,15.38,15.7
681,15.77,15.84,1.0,15.62,15.7,15.81
682,15.68,15.84,0.0,15.63,15.81,15.65
683,15.91,16.17,1.0,15.6,15.65,15.96
684,15.86,16.13,0.0,15.84,15.96,15.76
685,15.79,15.86,0.0,15.65,15.76,15.72
686,15.74,15.82,0.0,15.66,15.72,15.69
687,16.0,16.04,1.0,15.6,15.69,16.09
688,15.68,16.09,0.0,15.67,16.09,15.71
689,15.61,15.81,1.0,15.55,15.71,15.9
690,16.04,16.2,1.0,15.79,15.9,16.01
691,15.98,16.09,0.0,15.93,16.01,16.0
692,15.83,16.09,1.0,15.77,16.0,16.03
693,15.94,16.04,0.0,15.88,16.03,16.0
694,16.21,16.24,1.0,15.99,16.0,16.22
695,16.27,16.35,1.0,16.15,16.22,16.27
696,16.09,16.38,0.0,16.09,16.27,16.02
697,16.03,16.16,1.0,16.0,16.02,16.03
698,15.85,16.05,0.0,15.81,16.03,15.83
699,15.83,15.99,1.0,15.8,15.83,15.94
700,15.92,16.02,0.0,15.84,15.94,15.9
701,15.88,16.02,0.0,15.86,15.9,15.85
702,15.68,15.87,0.0,15.65,15.85,15.82
703,15.92,15.98,1.0,15.76,15.82,15.85
704,16.09,16.12,1.0,15.83,15.85,16.23
705,16.0,16.24,0.0,15.83,16.23,16.0
706,15.84,16.03,0.0,15.83,16.0,15.81
707,15.77,15.95,1.0,15.74,15.81,16.53
708,16.67,16.79,1.0,16.26,16.53,16.78
709,16.55,16.8,0.0,16.48,16.78,16.72
710,16.61,16.77,0.0,16.49,16.72,16.54
711,16.79,16.82,1.0,16.52,16.54,16.81
712,16.84,16.89,1.0,16.6,16.81,16.9
713,16.95,17.05,1.0,16.86,16.9,17.0
714,17.11,17.14,1.0,16.95,17.0,17.1
715,17.37,17.43,1.0,17.01,17.1,17.44
716,17.46,17.53,0.0,17.32,17.44,17.24
717,17.39,17.56,1.0,17.18,17.24,17.3
718,17.24,17.5,0.0,17.23,17.3,17.22
719,17.26,17.52,0.0,17.18,17.22,17.18
720,17.51,17.56,1.0,17.17,17.18,17.42
721,17.85,17.85,1.0,17.38,17.42,17.9
722,17.83,18.08,0.0,17.75,17.9,17.82
723,17.89,18.16,1.0,17.74,17.82,17.91
724,17.86,18.02,1.0,17.76,17.91,18.02
725,18.36,18.37,1.0,17.87,18.02,18.44
726,18.24,18.5,0.0,18.19,18.44,18.24
727,18.4,18.5,1.0,18.2,18.24,18.5
728,18.57,18.59,1.0,18.4,18.5,18.88
729,18.76,19.0,0.0,18.7,18.88,18.87
730,18.93,19.16,0.0,18.8,18.87,18.78
731,18.91,18.95,1.0,18.53,18.78,18.95
732,18.87,19.03,0.0,18.85,18.95,18.9
733,18.77,18.95,0.0,18.69,18.9,18.55
734,18.55,18.84,1.0,18.34,18.55,18.64
735,18.93,18.96,1.0,18.6,18.64,18.98
736,18.89,19.03,0.0,18.77,18.98,18.78
737,19.2,19.28,1.0,18.77,18.78,19.16
738,19.2,19.3,1.0,19.06,19.16,19.18
739,19.43,19.47,1.0,19.15,19.18,19.53
740,19.52,19.63,1.0,19.43,19.53,19.56
741,19.38,19.6,0.0,19.34,19.56,19.44
742,19.35,19.54,0.0,19.26,19.44,19.4
743,19.64,19.72,1.0,19.4,19.4,19.72
744,19.69,19.74,0.0,19.53,19.72,19.72
745,19.62,19.76,0.0,19.58,19.72,19.59
746,19.6,19.69,0.0,19.58,19.59,19.58
747,19.69,19.71,0.0,19.41,19.58,19.49
748,19.35,19.49,0.0,19.23,19.49,19.45
749,19.65,19.66,1.0,19.38,19.45,19.7
750,19.57,19.75,0.0,19.52,19.7,19.54
751,19.6,19.67,0.0,19.44,19.54,19.44
752,19.5,19.57,0.0,19.28,19.44,19.43
753,19.9,19.97,1.0,19.4,19.43,20.2
754,20.08,20.32,0.0,20.01,20.2,20.05
755,19.78,20.1,0.0,19.72,20.05,19.76
756,19.86,19.95,0.0,19.72,19.76,19.56
757,19.4,19.58,0.0,19.28,19.56,19.32
758,19.66,19.68,1.0,19.3,19.32,19.73
759,19.32,19.75,0.0,19.22,19.73,19.19
760,18.99,19.38,0.0,18.93,19.19,19.05
761,19.29,19.38,1.0,18.89,19.05,19.33
762,19.43,19.54,0.0,19.25,19.33,19.28
763,19.52,19.54,1.0,19.28,19.28,19.91
764,20.07,20.14,1.0,19.62,19.91,20.14
765,20.13,20.21,0.0,20.0,20.14,20.07
766,20.02,20.17,0.0,19.97,20.07,19.91
767,19.9,19.95,1.0,19.72,19.91,19.98
768,20.11,20.19,1.0,19.91,19.98,20.08
769,20.44,20.52,1.0,20.07,20.08,20.43
770,20.37,20.48,1.0,20.23,20.43,20.5
771,20.31,20.5,1.0,20.2,20.5,20.87
772,19.7,20.88,0.0,19.68,20.87,19.92
773,20.12,20.12,0.0,19.69,19.92,19.92
774,19.63,19.99,0.0,19.57,19.92,19.77
775,19.76,19.83,0.0,19.58,19.77,19.76
776,19.34,19.81,0.0,19.31,19.76,19.49
777,19.66,19.78,1.0,19.42,19.49,19.63
778,19.85,19.9,1.0,19.59,19.63,20.1
779,20.32,20.43,1.0,19.93,20.1,20.38
780,20.5,20.61,1.0,20.3,20.38,20.44
781,20.9,20.98,1.0,20.39,20.44,20.94
782,21.21,21.4,1.0,20.89,20.94,21.15
783,21.15,21.43,0.0,21.07,21.15,21.1
784,21.18,21.26,1.0,21.06,21.1,21.15
785,21.02,21.25,0.0,20.9,21.15,21.03
786,21.29,21.41,1.0,20.97,21.03,21.31
787,20.92,21.45,0.0,20.9,21.31,20.92
788,20.83,21.0,0.0,20.74,20.92,20.87
789,21.22,21.31,1.0,20.85,20.87,21.26
790,20.73,21.32,0.0,20.72,21.26,20.68
791,20.76,20.85,1.0,20.58,20.68,20.81
792,21.16,21.31,1.0,20.69,20.81,21.06
793,21.31,21.57,1.0,21.05,21.06,21.36
794,21.94,22.28,1.0,21.26,21.36,22.37
795,22.7,22.74,1.0,22.2,22.37,22.91
796,22.95,23.08,1.0,22.61,22.91,23.08
797,22.8,23.09,0.0,22.71,23.08,22.92
798,22.7,23.0,0.0,22.65,22.92,22.92
799,22.9,22.96,0.0,22.71,22.92,22.8
800,22.6,23.0,0.0,22.57,22.8,22.51
801,22.4,22.58,0.0,22.19,22.51,22.48
802,22.34,22.48,0.0,22.16,22.48,22.47
803,22.43,22.75,0.0,22.41,22.47,22.34
804,22.07,22.39,0.0,21.97,22.34,21.9
805,22.01,22.17,1.0,21.87,21.9,22.06
806,22.17,22.33,0.0,21.89,22.06,22.03
807,22.1,22.33,1.0,21.95,22.03,22.39
808,22.86,22.95,1.0,22.36,22.39,22.88
809,23.26,23.26,1.0,22.72,22.88,23.41
810,23.38,23.88,1.0,23.31,23.41,23.46
811,23.59,23.62,1.0,23.35,23.46,23.54
812,23.59,23.83,1.0,23.41,23.54,23.63
813,23.53,23.77,0.0,23.45,23.63,23.31
814,23.5,23.62,1.0,23.19,23.31,23.77
815,23.78,23.9,1.0,23.6,23.77,23.78
816,23.38,23.88,0.0,23.24,23.78,23.49
817,23.52,23.72,0.0,23.36,23.49,23.18
818,23.3,23.41,1.0,23.01,23.18,23.24
819,23.48,23.48,1.0,23.13,23.24,23.56
820,23.83,24.0,1.0,23.44,23.56,24.0
821,24.2,24.32,1.0,23.95,24.0,24.41
822,24.49,24.57,1.0,24.31,24.41,24.58
823,24.69,24.8,1.0,24.34,24.58,24.72
824,23.98,24.99,0.0,23.83,24.72,24.06
825,23.79,24.26,0.0,23.76,24.06,23.45
826,23.7,24.1,1.0,23.13,23.45,23.66
827,23.26,23.7,0.0,22.7,23.66,23.12
828,23.47,23.63,1.0,22.83,23.12,23.71
829,23.95,23.96,1.0,23.47,23.71,23.96
830,24.38,24.45,1.0,23.96,23.96,24.45
831,24.75,24.97,1.0,24.44,24.45,24.93
832,25.2,25.29,1.0,24.88,24.93,25.14
833,24.68,25.37,0.0,24.58,25.14,24.85
834,24.43,24.91,0.0,24.35,24.85,24.38
835,24.73,24.79,1.0,24.36,24.38,24.67
836,24.3,24.72,0.0,24.26,24.67,24.34
837,24.97,24.97,1.0,24.18,24.34,25.13
838,25.07,25.25,0.0,24.99,25.13,25.05
839,25.17,25.34,1.0,24.92,25.05,26.01
840,26.07,26.79,1.0,25.55,26.01,26.17
841,26.41,26.66,1.0,25.96,26.17,26.41
842,26.24,26.49,0.0,26.14,26.41,26.32
843,26.83,26.86,1.0,26.31,26.32,26.76
844,26.39,26.83,0.0,26.36,26.76,26.75
845,26.64,26.87,0.0,26.52,26.75,26.63
846,27.34,27.68,1.0,26.55,26.63,27.43
847,26.58,27.43,0.0,26.57,27.43,26.78
848,26.52,26.98,0.0,26.46,26.78,26.68
849,26.58,27.05,1.0,26.21,26.68,26.9
850,27.0,27.13,1.0,26.72,26.9,27.07
851,26.54,27.19,0.0,26.44,27.07,25.95
852,26.02,26.27,0.0,25.7,25.95,25.9
853,26.33,26.48,1.0,25.65,25.9,26.65
854,26.07,26.77,0.0,25.98,26.65,25.9
855,25.81,26.04,0.0,25.32,25.9,25.83
856,26.33,26.5,1.0,25.8,25.83,26.2
857,26.3,26.6,1.0,26.09,26.2,26.37
858,26.39,26.62,1.0,26.13,26.37,26.46
859,26.26,26.57,0.0,25.97,26.46,26.11
860,25.75,26.25,0.0,25.69,26.11,25.88
861,26.21,26.21,1.0,25.66,25.88,26.39
862,27.04,27.09,1.0,26.28,26.39,27.04
863,26.74,27.12,0.0,26.7,27.04,26.43
864,26.4,26.88,1.0,26.32,26.43,26.5
865,25.89,26.53,0.0,25.89,26.5,25.79
866,26.37,26.46,1.0,25.71,25.79,26.32
867,26.28,26.55,0.0,26.16,26.32,26.29
868,26.54,26.85,1.0,26.24,26.29,26.57
869,26.66,26.89,1.0,26.51,26.57,26.6
870,26.24,26.78,0.0,26.23,26.6,26.03
871,25.35,26.05,0.0,25.23,26.03,25.29
872,25.19,25.43,0.0,24.94,25.29,24.98
873,24.07,25.09,0.0,23.82,24.98,24.29
874,24.96,25.01,1.0,24.23,24.29,25.22
875,25.29,25.68,1.0,25.01,25.22,25.47
876,25.47,25.98,0.0,25.44,25.47,25.43
877,25.13,25.54,0.0,24.89,25.43,25.26
878,25.24,25.54,1.0,25.18,25.26,25.27
879,24.99,25.5,0.0,24.9,25.27,24.84
880,25.59,25.64,1.0,24.82,24.84,25.85
881,25.68,26.26,0.0,25.52,25.85,25.72
882,25.53,25.99,1.0,25.49,25.72,25.74
883,26.68,26.7,1.0,25.74,25.74,26.88
884,26.56,27.07,1.0,26.19,26.88,26.95
885,27.04,27.19,1.0,26.94,26.95,27.08
886,27.23,27.44,1.0,27.01,27.08,27.47
887,27.34,27.47,0.0,27.06,27.47,27.3
888,26.88,27.45,1.0,26.73,27.3,27.66
889,29.66,29.73,1.0,27.52,27.66,29.57
890,29.66,29.83,0.0,28.73,29.57,29.41
891,29.11,29.72,0.0,29.04,29.41,28.08
892,27.86,28.42,0.0,27.63,28.08,28.03
893,27.36,28.04,0.0,27.21,28.03,27.54
894,27.84,27.92,1.0,27.23,27.54,27.73
895,28.27,28.46,1.0,27.65,27.73,28.0
896,28.11,28.34,0.0,27.74,28.0,27.95
897,27.93,28.33,1.0,27.8,27.95,28.09
898,28.05,28.23,0.0,27.86,28.09,27.92
899,28.09,28.21,1.0,27.57,27.92,28.35
900,27.96,28.45,0.0,27.91,28.35,28.07
901,27.65,28.09,0.0,27.55,28.07,27.71
902,27.67,27.8,0.0,27.45,27.71,27.67
903,27.32,27.75,0.0,27.15,27.67,27.31
904,27.39,27.51,1.0,27.06,27.31,27.55
905,27.48,27.62,0.0,27.23,27.55,27.41
906,27.68,27.7,1.0,27.2,27.41,27.55
907,28.35,28.37,1.0,27.5,27.55,28.38
908,28.34,28.6,0.0,28.23,28.38,28.19
909,28.05,28.21,0.0,28.0,28.19,27.83
910,27.14,27.83,0.0,27.12,27.83,27.0
911,27.32,27.6,1.0,27.0,27.0,27.27
912,26.91,27.44,0.0,26.91,27.27,26.92
913,27.12,27.31,1.0,26.9,26.92,27.09
914,27.06,27.49,1.0,27.0,27.09,27.6
915,27.9,28.01,1.0,27.37,27.6,28.3
916,27.99,28.32,0.0,27.81,28.3,27.99
917,27.7,28.04,0.0,27.7,27.99,27.24
918,27.0,27.46,0.0,26.75,27.24,26.9
919,27.11,27.24,1.0,26.83,26.9,27.03
920,27.3,27.45,1.0,27.03,27.03,27.39
921,27.12,27.44,0.0,26.82,27.39,27.38
922,27.78,27.87,1.0,27.37,27.38,27.7
923,28.07,28.12,1.0,27.6,27.7,28.1
924,28.23,28.35,1.0,27.91,28.1,28.35
925,28.17,28.5,0.0,27.82,28.35,28.32
926,29.24,29.32,1.0,28.32,28.32,29.43
927,29.48,29.63,0.0,29.08,29.43,29.38
928,29.19,29.41,1.0,28.97,29.38,29.72
929,29.65,30.27,0.0,29.5,29.72,29.47
930,29.26,29.47,1.0,28.8,29.47,29.64
931,29.62,30.04,0.0,29.51,29.64,29.64
932,30.0,30.0,1.0,29.31,29.64,30.01
933,30.44,30.46,1.0,29.85,30.01,30.53
934,31.03,31.05,1.0,30.34,30.53,31.05
935,30.93,31.1,0.0,30.76,31.05,31.03
936,30.26,31.03,0.0,30.02,31.03,30.55
937,31.27,31.66,1.0,30.54,30.55,31.4
938,31.34,32.03,1.0,31.12,31.4,31.65
939,32.75,33.0,1.0,31.58,31.65,33.33
940,33.55,33.85,0.0,32.76,33.33,33.04
941,33.17,33.75,1.0,32.68,33.04,33.36
942,34.31,34.44,1.0,33.3,33.36,34.15
943,34.14,34.7,1.0,33.9,34.15,34.32
944,33.88,34.36,0.0,33.2,34.32,33.96
945,34.89,35.06,1.0,33.96,33.96,34.46
946,34.14,34.69,0.0,34.08,34.46,34.46
947,32.93,34.5,0.0,32.1,34.46,33.07
948,33.01,33.33,1.0,31.79,33.07,33.49
949,33.87,33.91,1.0,33.33,33.49,33.67
950,34.15,34.37,1.0,33.61,33.67,33.8
951,34.0,34.1,1.0,33.68,33.8,34.2
952,33.38,34.32,0.0,33.06,34.2,33.9
953,33.09,34.11,0.0,32.83,33.9,32.88
954,32.74,33.01,1.0,32.31,32.88,33.17
955,33.43,33.75,1.0,33.11,33.17,33.65
956,34.06,34.35,1.0,33.65,33.65,34.24
957,33.94,34.6,0.0,33.58,34.24,33.76
958,33.1,33.84,0.0,33.02,33.76,33.16
959,33.08,33.31,0.0,32.81,33.16,32.31
960,32.25,32.95,0.0,32.0,32.31,32.09
961,32.35,32.7,1.0,31.7,32.09,33.07
962,33.17,34.0,1.0,32.82,33.07,33.33
963,32.57,33.48,0.0,32.38,33.33,32.43
964,32.94,33.12,1.0,32.28,32.43,33.15
965,33.18,33.35,1.0,33.0,33.15,33.2
966,33.19,33.66,0.0,33.01,33.2,33.03
967,32.97,33.08,1.0,32.55,33.03,33.07
968,32.88,33.3,0.0,32.71,33.07,32.99
969,32.11,33.05,0.0,32.06,32.99,32.23
970,33.12,33.12,1.0,32.2,32.23,33.57
971,33.82,33.99,1.0,33.25,33.57,34.0
972,34.07,34.52,0.0,33.88,34.0,33.82
973,35.1,35.12,1.0,33.63,33.82,35.07
974,35.69,35.89,1.0,34.76,35.07,35.8
975,35.47,35.94,0.0,35.3,35.8,35.65
976,34.98,36.19,0.0,34.51,35.65,35.03
977,34.63,35.17,1.0,34.51,35.03,35.43
978,35.62,36.22,1.0,35.22,35.43,36.23
979,36.3,36.66,0.0,36.22,36.23,36.19
980,36.49,36.63,1.0,35.96,36.19,36.78
981,36.29,36.85,0.0,35.96,36.78,36.32
982,36.64,36.75,1.0,36.11,36.32,36.7
983,36.96,37.12,1.0,36.51,36.7,36.91
984,36.98,37.35,1.0,36.9,36.91,37.04
985,37.01,37.15,0.0,36.68,37.04,36.77
986,36.56,37.07,0.0,36.34,36.77,36.47
987,38.13,38.15,1.0,36.25,36.47,38.24
988,38.87,39.31,1.0,38.05,38.24,39.24
989,38.86,39.28,0.0,38.53,39.24,39.13
990,38.87,39.2,0.0,38.57,39.13,38.92
991,40.22,40.25,1.0,38.92,38.92,39.9
992,39.16,40.16,0.0,38.92,39.9,39.02
993,39.35,40.0,1.0,39.0,39.02,39.61
994,39.73,40.2,1.0,39.56,39.61,39.97
995,39.73,40.27,1.0,39.6,39.97,39.99
996,39.51,40.0,0.0,39.4,39.99,39.53
997,40.04,40.04,1.0,38.82,39.53,40.04
998,40.2,40.38,1.0,39.91,40.04,40.39
999,40.12,40.6,0.0,40.11,40.39,40.25
1000,40.77,40.8,1.0,40.13,40.25,40.91
1001,40.85,40.95,1.0,40.66,40.91,41.0
1002,40.65,41.05,0.0,40.22,41.0,40.72
1003,40.49,40.75,0.0,40.32,40.72,40.46
1004,40.2,40.58,0.0,39.85,40.46,40.17
1005,40.44,40.5,1.0,40.0,40.17,40.37
1006,39.59,40.49,0.0,39.31,40.37,40.16
1007,40.12,40.44,0.0,39.82,40.16,40.05
1008,39.93,40.32,1.0,39.75,40.05,40.08
1009,40.92,41.2,1.0,40.08,40.08,41.29
1010,41.02,41.72,1.0,41.02,41.29,41.33
1011,40.92,41.35,0.0,40.61,41.33,40.95
1012,41.23,41.35,1.0,40.82,40.95,41.16
1013,39.99,41.22,0.0,39.8,41.16,40.21
1014,41.14,41.14,1.0,40.04,40.21,41.06
1015,41.07,41.31,0.0,40.76,41.06,40.43
1016,40.34,40.75,0.0,40.11,40.43,40.12
1017,40.01,40.44,0.0,39.47,40.12,39.98
1018,39.52,40.05,0.0,38.86,39.98,39.66
1019,40.18,40.4,0.0,39.32,39.66,39.31
1020,39.39,39.77,0.0,39.14,39.31,38.67
1021,37.91,38.98,0.0,37.62,38.67,37.6
1022,36.65,37.94,0.0,36.62,37.6,36.83
1023,38.22,38.32,0.0,36.52,36.83,35.77
1024,34.89,36.31,0.0,34.82,35.77,34.89
1025,35.31,35.81,0.0,34.45,34.89,34.69
1026,36.01,36.33,1.0,34.55,34.69,35.94
1027,34.9,36.01,0.0,34.66,35.94,35.11
1028,35.66,35.86,1.0,34.86,35.11,35.6
1029,35.49,35.94,1.0,34.99,35.6,35.65
1030,36.24,36.75,1.0,35.61,35.65,36.65
1031,37.23,37.27,1.0,36.24,36.65,38.0
1032,37.76,38.13,1.0,37.25,38.0,38.15
1033,38.5,38.86,1.0,38.09,38.15,38.6
1034,38.11,38.91,0.0,38.03,38.6,37.92
1035,38.52,38.69,1.0,37.79,37.92,38.43
1036,38.23,38.45,0.0,38.11,38.43,38.31
1037,38.31,38.59,0.0,38.09,38.31,38.06
1038,37.81,38.33,0.0,37.68,38.06,37.83
1039,37.79,38.04,1.0,37.3,37.83,37.9
1040,37.29,37.96,0.0,37.22,37.9,37.23
1041,37.42,37.71,1.0,36.82,37.23,37.48
1042,37.26,37.58,0.0,37.02,37.48,37.35
1043,37.62,38.1,1.0,37.34,37.35,37.8
1044,38.47,38.48,1.0,37.74,37.8,38.55
1045,38.67,39.38,0.0,38.22,38.55,37.65
1046,38.25,38.66,1.0,37.43,37.65,38.76
1047,39.63,39.79,1.0,38.68,38.76,39.83
1048,39.5,40.15,0.0,39.19,39.83,39.6
1049,39.66,39.98,1.0,39.5,39.6,39.71
1050,38.7,39.91,0.0,38.45,39.71,38.63
1051,38.05,38.78,0.0,37.91,38.63,38.25
1052,37.56,38.3,0.0,37.43,38.25,37.21
1053,37.5,37.61,1.0,36.48,37.21,38.05
1054,37.23,38.42,0.0,36.81,38.05,36.69
1055,37.6,38.19,1.0,36.45,36.69,39.0
1056,39.11,39.36,0.0,38.61,39.0,39.0
1057,39.45,39.51,1.0,38.8,39.0,39.66
1058,38.61,39.94,0.0,38.51,39.66,38.37
1059,37.77,38.47,0.0,37.42,38.37,38.1
1060,37.94,38.27,0.0,37.73,38.1,38.0
1061,36.68,38.04,0.0,36.28,38.0,37.0
1062,35.93,37.07,0.0,35.86,37.0,36.24
1063,35.45,36.74,0.0,35.45,36.24,35.5
1064,35.59,36.15,1.0,35.05,35.5,35.77
1065,35.9,36.73,1.0,35.53,35.77,36.46
1066,35.9,36.58,0.0,35.73,36.46,36.16
1067,36.49,36.86,1.0,36.15,36.16,36.68
1068,36.64,36.86,0.0,36.56,36.68,36.66
1069,35.76,36.79,0.0,35.51,36.66,36.01
1070,34.26,36.05,0.0,33.83,36.01,34.11
1071,33.07,34.37,0.0,32.53,34.11,33.1
1072,33.83,34.43,1.0,33.02,33.1,34.19
1073,34.87,35.0,1.0,33.95,34.19,34.88
1074,33.4,34.98,0.0,33.09,34.88,32.64
1075,32.87,33.48,1.0,32.15,32.64,33.55
1076,33.45,34.04,1.0,33.04,33.55,33.93
1077,34.21,34.28,1.0,32.64,33.93,36.98
1078,36.35,37.3,0.0,35.81,36.98,36.29
1079,36.38,36.6,1.0,35.55,36.29,36.6
1080,36.4,36.65,1.0,35.89,36.6,36.71
1081,36.14,36.85,0.0,36.11,36.71,36.08
1082,35.44,36.19,0.0,35.4,36.08,35.82
1083,35.24,35.82,0.0,34.77,35.82,35.03
1084,34.48,35.1,0.0,34.29,35.03,34.67
1085,33.99,35.0,0.0,33.65,34.67,34.37
1086,35.83,35.89,1.0,34.12,34.37,35.89
1087,35.95,36.44,1.0,35.25,35.89,36.26
1088,36.51,36.69,1.0,36.0,36.26,36.59
1089,36.87,37.12,1.0,36.21,36.59,36.68
1090,36.91,37.05,1.0,36.3,36.68,36.94
1091,36.49,37.17,0.0,36.48,36.94,35.99
1092,34.07,35.99,0.0,33.67,35.99,33.88
1093,33.92,34.57,1.0,33.61,33.88,34.01
1094,33.76,34.1,0.0,33.41,34.01,33.99
1095,34.45,34.6,1.0,33.87,33.99,34.43
1096,34.4,34.69,1.0,34.17,34.43,34.48
1097,34.17,34.65,0.0,33.98,34.48,34.18
1098,33.8,34.19,0.0,33.4,34.18,33.66
1099,33.41,33.66,0.0,33.1,33.66,33.41
1100,33.89,33.99,1.0,33.28,33.41,33.99
1101,33.87,34.47,1.0,33.67,33.99,34.0
1102,34.36,34.39,1.0,33.89,34.0,34.6
1103,34.7,34.86,1.0,34.26,34.6,34.85
1104,35.02,35.08,1.0,34.51,34.85,35.0
1105,35.12,35.13,1.0,34.73,35.0,35.15
1106,34.78,35.17,0.0,34.42,35.15,34.9
1107,34.9,35.1,1.0,34.67,34.9,34.92
1108,34.65,34.93,0.0,34.13,34.92,34.69
1109,34.87,34.95,1.0,34.28,34.69,34.8
1110,34.65,34.97,0.0,34.58,34.8,34.48
1111,34.73,34.83,1.0,34.26,34.48,34.79
1112,34.94,34.99,1.0,34.36,34.79,35.06
1113,35.92,36.08,1.0,35.05,35.06,35.86
1114,36.04,36.32,1.0,35.54,35.86,35.87
1115,36.31,36.52,1.0,35.86,35.87,36.25
1116,36.63,36.84,1.0,36.11,36.25,36.5
1117,36.78,36.79,1.0,36.34,36.5,36.88
1118,36.94,37.06,0.0,36.64,36.88,35.0
1119,34.81,35.49,0.0,34.77,35.0,34.8
1120,34.43,34.94,0.0,34.3,34.8,34.67
1121,34.94,35.01,1.0,34.26,34.67,35.14
1122,34.68,35.2,0.0,34.52,35.14,34.81
1123,34.05,34.81,0.0,33.97,34.81,34.13
1124,33.64,34.22,0.0,33.37,34.13,33.79
1125,33.48,33.99,0.0,33.35,33.79,33.38
1126,33.25,33.65,0.0,33.1,33.38,33.25
1127,33.66,33.75,1.0,33.02,33.25,33.85
1128,34.25,34.55,1.0,33.7,33.85,34.93
1129,35.13,35.26,1.0,34.85,34.93,35.5
1130,35.35,35.7,1.0,35.21,35.5,35.62
1131,35.88,35.91,1.0,35.4,35.62,36.07
1132,36.14,36.15,1.0,35.9,36.07,36.15
1133,35.52,36.23,0.0,35.48,36.15,35.64
1134,34.53,35.66,0.0,34.28,35.64,34.68
1135,34.85,35.07,0.0,34.68,34.68,34.33
1136,34.93,34.97,1.0,34.1,34.33,34.95
1137,35.43,35.56,1.0,34.78,34.95,35.8
1138,35.7,35.95,0.0,35.45,35.8,35.72
1139,35.61,35.94,0.0,35.2,35.72,34.42
1140,33.79,34.45,0.0,33.72,34.42,33.82
1141,33.21,33.9,0.0,32.98,33.82,33.18
1142,33.33,33.35,1.0,32.93,33.18,33.35
1143,33.28,33.64,1.0,33.16,33.35,33.48
1144,33.6,33.84,1.0,33.4,33.48,33.78
1145,34.71,34.92,1.0,33.68,33.78,35.09
1146,36.17,36.55,1.0,35.04,35.09,36.0
1147,36.12,36.33,1.0,35.75,36.0,36.23
1148,35.9,36.23,0.0,35.51,36.23,35.91
1149,35.68,36.16,1.0,35.67,35.91,35.94
1150,36.6,36.99,1.0,35.8,35.94,36.26
1151,35.81,36.49,0.0,35.68,36.26,35.69
1152,35.62,36.08,1.0,35.31,35.69,35.71
1153,36.53,36.66,1.0,35.65,35.71,36.32
1154,35.7,36.42,0.0,35.62,36.32,35.58
1155,35.79,35.94,1.0,35.44,35.58,36.0
1156,35.66,36.0,0.0,35.53,36.0,35.73
1157,35.91,35.96,1.0,35.4,35.73,36.1
1158,35.79,36.15,0.0,35.75,36.1,35.8
1159,35.52,35.99,1.0,35.15,35.8,35.96
1160,36.19,36.45,1.0,35.77,35.96,36.32
1161,36.36,36.42,0.0,36.17,36.32,36.2
1162,36.47,36.57,1.0,36.12,36.2,36.77
1163,37.38,37.77,1.0,36.75,36.77,37.56
1164,37.83,37.94,1.0,37.5,37.56,37.61
1165,37.5,37.75,1.0,37.31,37.61,37.65
1166,37.64,37.75,1.0,37.31,37.65,37.7
1167,38.01,38.2,1.0,37.64,37.7,38.14
1168,37.71,38.22,0.0,37.54,38.14,37.76
1169,37.79,37.92,1.0,37.56,37.76,38.3
1170,38.18,38.72,0.0,37.83,38.3,38.09
1171,38.31,38.57,1.0,37.9,38.09,38.57
1172,38.51,38.67,1.0,38.2,38.57,38.9
1173,39.27,39.3,1.0,38.79,38.9,39.49
1174,38.87,39.6,0.0,38.69,39.49,39.14
1175,39.19,39.34,0.0,38.96,39.14,39.05
1176,39.59,39.8,1.0,39.05,39.05,40.34
1177,41.81,41.82,1.0,40.26,40.34,42.01
1178,40.78,42.06,0.0,40.6,42.01,41.05
1179,41.14,41.23,0.0,40.33,41.05,41.02
1180,41.26,41.56,1.0,40.93,41.02,41.73
1181,42.88,43.2,1.0,41.5,41.73,43.98
1182,42.55,44.01,0.0,42.14,43.98,42.61
1183,42.71,42.96,0.0,41.69,42.61,42.37
1184,42.59,42.96,1.0,42.3,42.37,43.05
1185,42.09,43.32,0.0,41.42,43.05,42.44
1186,40.93,43.19,0.0,39.55,42.44,39.77
1187,38.65,40.04,0.0,38.22,39.77,38.15
1188,39.05,39.27,1.0,37.9,38.15,39.26
1189,39.88,40.1,1.0,38.91,39.26,39.56
1190,38.95,39.8,0.0,38.82,39.56,39.01
1191,40.66,40.8,1.0,39.0,39.01,40.41
1192,40.52,41.09,1.0,40.16,40.41,40.58
1193,40.75,41.23,1.0,40.44,40.58,40.66
1194,40.32,41.24,0.0,40.11,40.66,40.24
1195,40.5,40.64,1.0,39.69,40.24,40.79
1196,41.03,41.69,1.0,40.65,40.79,41.2
1197,41.52,41.73,0.0,41.04,41.2,41.06
1198,40.93,41.29,0.0,40.78,41.06,41.0
1199,41.08,41.29,0.0,40.1,41.0,40.9
1200,41.1,41.25,0.0,40.42,40.9,40.73
1201,39.6,41.07,0.0,39.59,40.73,39.52
1202,38.38,40.07,0.0,38.29,39.52,38.66
1203,37.97,39.0,0.0,37.71,38.66,37.27
1204,37.82,38.08,0.0,36.2,37.27,36.95
1205,38.12,38.5,1.0,36.92,36.95,38.74
1206,38.45,38.98,0.0,38.31,38.74,38.47
1207,39.28,39.4,1.0,38.25,38.47,39.65
1208,40.18,40.48,1.0,39.46,39.65,42.42
1209,42.0,42.88,0.0,41.77,42.42,42.4
1210,42.6,42.83,1.0,42.26,42.4,42.53
1211,43.5,43.65,1.0,42.4,42.53,43.31
1212,44.7,44.82,1.0,43.29,43.31,45.01
1213,45.87,46.15,1.0,44.88,45.01,45.94
1214,45.43,45.98,0.0,45.13,45.94,45.21
1215,45.63,45.84,1.0,45.13,45.21,46.16
1216,46.05,46.52,0.0,45.67,46.16,46.05
1217,46.34,46.72,0.0,45.94,46.05,45.99
1218,47.08,47.13,1.0,45.74,45.99,47.62
1219,47.46,48.28,0.0,47.32,47.62,47.37
1220,47.93,47.98,1.0,46.6,47.37,47.9
1221,48.55,48.67,1.0,47.86,47.9,48.8
1222,49.41,49.63,0.0,48.79,48.8,48.57
1223,49.05,49.18,1.0,48.1,48.57,49.33
1224,50.6,50.63,1.0,49.22,49.33,50.96
1225,50.5,51.17,0.0,49.95,50.96,50.52
1226,51.75,51.95,1.0,50.47,50.52,51.83
1227,52.37,52.42,1.0,50.94,51.83,52.28
1228,51.75,52.62,0.0,51.34,52.28,51.24
1229,50.58,51.37,0.0,50.0,51.24,50.6
1230,51.25,52.23,1.0,50.27,50.6,51.99
1231,51.04,52.25,0.0,50.99,51.99,51.25
1232,51.83,51.83,1.0,51.07,51.25,51.98
1233,51.72,52.19,0.0,51.6,51.98,51.56
1234,51.93,52.26,1.0,51.52,51.56,51.87
1235,51.74,52.0,0.0,51.64,51.87,51.43
1236,50.1,51.43,0.0,49.66,51.43,50.27
1237,50.67,51.12,1.0,50.01,50.27,50.71
1238,50.28,50.97,0.0,50.2,50.71,50.19
1239,50.41,50.67,1.0,49.9,50.19,51.03
1240,50.99,51.25,0.0,50.51,51.03,50.52
1241,49.62,50.9,0.0,49.22,50.52,48.75
1242,50.51,50.53,1.0,48.29,48.75,50.33
1243,49.21,50.69,0.0,49.19,50.33,49.54
1244,49.94,50.58,0.0,49.43,49.54,49.54
1245,50.24,51.17,1.0,49.48,49.54,50.42
1246,49.82,50.92,0.0,49.5,50.42,49.5
1247,48.85,50.08,0.0,48.81,49.5,49.02
1248,50.12,50.25,1.0,48.9,49.02,50.93
1249,50.91,51.15,1.0,50.44,50.93,51.06
1250,50.88,51.47,0.0,50.83,51.06,50.99
1251,51.15,51.6,1.0,50.95,50.99,51.46
1252,50.02,51.46,0.0,49.93,51.46,50.19
1253,50.65,50.92,1.0,50.19,50.19,50.65
1254,50.86,51.06,1.0,50.61,50.65,50.67
1255,50.53,51.01,0.0,50.51,50.67,50.35
1256,51.22,51.27,1.0,50.35,50.35,51.54
1257,50.51,51.68,0.0,50.46,51.54,50.66
1258,50.17,50.78,0.0,49.47,50.66,49.71
1259,49.13,49.88,0.0,48.91,49.71,49.2
1260,49.21,49.88,1.0,48.33,49.2,49.62
1261,48.59,49.64,0.0,48.51,49.62,48.99
1262,50.23,50.23,1.0,48.72,48.99,50.28
1263,49.72,50.41,0.0,49.62,50.28,49.92
1264,48.8,49.93,0.0,48.56,49.92,49.15
1265,48.3,49.48,0.0,47.4,49.15,47.7
1266,47.51,48.09,0.0,47.07,47.7,47.54
1267,46.23,47.75,0.0,46.2,47.54,46.06
1268,46.47,46.59,1.0,45.85,46.06,46.79
1269,47.63,47.89,1.0,46.77,46.79,47.6
1270,48.18,48.38,1.0,47.32,47.6,48.43
1271,48.89,49.08,1.0,48.01,48.43,48.74
1272,48.95,49.23,1.0,48.63,48.74,49.57
1273,49.44,49.79,0.0,49.07,49.57,49.14
1274,47.99,49.28,1.0,47.66,49.14,49.8
1275,46.46,50.32,0.0,46.3,49.8,43.56
1276,43.73,43.8,1.0,41.8,43.56,43.75
1277,43.99,44.85,1.0,43.51,43.75,44.43
1278,44.69,44.76,1.0,43.88,44.43,45.1
1279,44.7,45.25,0.0,44.38,45.1,44.8
1280,44.05,44.98,0.0,43.88,44.8,44.08
1281,43.55,44.26,0.0,43.03,44.08,43.57
1282,42.94,43.66,0.0,42.67,43.57,42.61
1283,42.57,43.15,1.0,42.54,42.61,42.9
1284,43.07,43.18,1.0,42.66,42.9,43.18
1285,42.96,43.26,0.0,42.76,43.18,43.07
1286,43.93,44.16,1.0,42.86,43.07,44.12
1287,44.42,44.59,1.0,44.0,44.12,44.37
1288,43.53,44.54,0.0,43.35,44.37,43.56
1289,43.65,43.82,1.0,43.3,43.56,43.65
1290,44.37,44.42,1.0,43.5,43.65,44.3
1291,44.11,44.36,0.0,43.76,44.3,43.99
1292,43.53,43.99,0.0,43.42,43.99,43.45
1293,43.38,43.52,0.0,42.91,43.45,43.21
1294,44.43,44.72,1.0,43.21,43.21,44.6
1295,44.45,44.76,0.0,44.26,44.6,44.38
1296,44.28,44.57,0.0,44.05,44.38,44.06
1297,44.11,44.43,0.0,43.7,44.06,43.7
1298,42.62,43.95,0.0,42.42,43.7,42.08
1299,43.99,44.38,1.0,41.97,42.08,44.18
1300,44.16,44.31,0.0,43.5,44.18,43.98
1301,43.44,44.24,0.0,43.4,43.98,43.6
1302,42.98,43.93,0.0,42.67,43.6,42.57
1303,42.68,42.92,1.0,42.18,42.57,42.77
1304,42.5,42.99,0.0,42.36,42.77,42.7
1305,42.95,43.36,1.0,42.58,42.7,42.84
1306,42.87,42.98,1.0,42.44,42.84,42.93
1307,43.51,43.88,1.0,42.75,42.93,43.54
1308,43.79,44.16,1.0,43.46,43.54,43.58
1309,44.67,44.71,1.0,43.43,43.58,44.9
1310,44.98,45.45,1.0,44.81,44.9,45.37
1311,45.04,45.58,0.0,44.91,45.37,45.25
1312,44.72,45.54,0.0,44.71,45.25,44.64
1313,44.42,44.78,0.0,44.28,44.64,44.59
1314,44.2,44.93,0.0,44.13,44.59,43.78
1315,44.47,44.67,1.0,43.68,43.78,45.2
1316,45.1,45.67,1.0,45.01,45.2,45.36
1317,44.95,45.42,0.0,44.82,45.36,44.82
1318,44.44,45.2,0.0,44.42,44.82,44.45
1319,44.13,44.6,0.0,43.95,44.45,44.24
1320,44.15,44.36,0.0,43.68,44.24,43.82
1321,43.67,44.03,0.0,43.61,43.82,43.79
1322,43.61,44.22,1.0,43.56,43.79,43.86
1323,45.17,45.19,1.0,43.8,43.86,45.7
1324,45.63,46.17,1.0,45.16,45.7,45.79
1325,45.18,45.79,0.0,45.0,45.79,45.25
1326,44.77,45.59,0.0,44.72,45.25,44.82
1327,45.53,45.64,1.0,44.79,44.82,45.46
1328,45.73,45.83,1.0,45.23,45.46,45.82
1329,45.78,46.13,0.0,45.53,45.82,45.3
1330,44.45,45.44,0.0,44.25,45.3,44.73
1331,44.66,44.91,1.0,44.41,44.73,45.15
1332,44.49,45.18,0.0,44.45,45.15,44.58
1333,43.98,44.85,0.0,43.67,44.58,43.92
1334,43.7,44.06,0.0,43.58,43.92,43.73
1335,44.52,44.71,1.0,43.69,43.73,44.65
1336,44.36,45.1,0.0,44.25,44.65,44.34
1337,44.34,44.57,0.0,43.94,44.34,43.88
1338,43.28,44.05,0.0,43.09,43.88,43.12
1339,42.57,43.31,0.0,42.26,43.12,42.55
1340,42.51,42.68,0.0,42.09,42.55,42.5
1341,42.04,42.55,0.0,41.83,42.5,41.86
1342,41.3,42.0,0.0,40.81,41.86,41.31
1343,41.66,41.73,1.0,41.21,41.31,44.93
1344,43.87,44.98,0.0,43.55,44.93,44.34
1345,44.09,44.55,0.0,44.0,44.34,43.82
1346,43.6,44.14,1.0,43.59,43.82,44.3
1347,43.84,44.31,0.0,43.69,44.3,44.03
1348,44.4,44.67,1.0,43.98,44.03,44.53
1349,44.95,44.99,1.0,44.45,44.53,45.0
1350,44.75,45.07,0.0,44.69,45.0,44.52
1351,44.36,44.57,0.0,44.04,44.52,44.38
1352,40.98,44.66,0.0,39.12,44.38,42.28
1353,42.79,43.04,1.0,42.16,42.28,43.06
1354,43.68,43.87,1.0,43.05,43.06,43.58
1355,43.49,44.0,0.0,43.47,43.58,43.41
1356,42.85,43.5,0.0,42.58,43.41,42.6
1357,43.38,43.44,1.0,42.28,42.6,43.06
1358,43.07,43.42,1.0,42.93,43.06,43.45
1359,42.94,43.59,0.0,42.81,43.45,43.05
1360,43.35,43.63,1.0,42.91,43.05,43.18
1361,43.15,43.62,1.0,42.92,43.18,43.3
1362,43.21,43.78,0.0,42.98,43.3,43.09
1363,42.88,43.44,0.0,42.76,43.09,42.83
1364,42.81,43.26,0.0,42.7,42.83,42.72
1365,42.01,42.89,0.0,42.0,42.72,41.92
1366,41.63,41.95,0.0,41.02,41.92,41.7
1367,42.06,42.31,1.0,41.69,41.7,42.09
1368,40.94,42.21,0.0,40.55,42.09,40.77
1369,40.53,41.11,0.0,40.46,40.77,40.24
1370,40.47,40.67,1.0,40.21,40.24,40.35
1371,40.64,41.4,1.0,40.02,40.35,40.8
1372,40.96,41.52,1.0,40.78,40.8,41.04
1373,40.91,41.27,0.0,40.79,41.04,40.9
1374,40.51,40.93,0.0,40.37,40.9,40.66
1375,40.73,40.89,1.0,40.54,40.66,40.74
1376,40.65,40.8,0.0,40.51,40.74,40.68
1377,40.94,41.23,1.0,40.58,40.68,41.1
1378,41.07,41.39,0.0,40.9,41.1,40.83
1379,40.06,40.87,0.0,39.93,40.83,39.49
1380,38.91,39.78,0.0,38.85,39.49,39.39
1381,39.29,39.65,1.0,39.19,39.39,39.46
1382,39.33,39.78,0.0,39.15,39.46,39.26
1383,39.38,39.64,0.0,39.19,39.26,38.76
1384,38.61,39.12,0.0,38.46,38.76,38.24
1385,38.23,38.38,0.0,36.58,38.24,37.2
1386,37.23,37.49,1.0,36.94,37.2,38.23
1387,37.61,38.68,1.0,37.52,38.23,38.35
1388,37.92,38.42,0.0,37.78,38.35,38.25
1389,38.76,38.8,1.0,38.1,38.25,38.65
1390,38.63,39.03,0.0,38.44,38.65,38.51
1391,38.38,38.8,1.0,38.15,38.51,38.7
1392,38.91,38.96,1.0,38.6,38.7,39.19
1393,39.68,39.79,1.0,38.93,39.19,39.98
1394,39.54,39.98,0.0,39.26,39.98,39.61
1395,39.73,39.85,0.0,39.35,39.61,38.57
1396,39.24,39.63,1.0,38.26,38.57,39.3
1397,39.21,39.78,1.0,39.06,39.3,39.58
1398,38.85,39.58,0.0,38.67,39.58,38.31
1399,37.84,38.31,0.0,37.65,38.31,37.64
1400,37.72,37.92,1.0,37.27,37.64,37.92
1401,37.67,37.92,0.0,37.38,37.92,37.5
1402,37.42,37.69,1.0,37.3,37.5,37.56
1403,36.67,37.57,0.0,36.62,37.56,36.67
1404,36.69,36.98,0.0,36.37,36.67,36.61
1405,37.12,37.21,1.0,36.6,36.61,37.32
1406,37.25,37.71,1.0,37.23,37.32,37.34
1407,36.46,37.52,0.0,36.3,37.34,36.52
1408,36.67,36.76,1.0,36.15,36.52,36.87
1409,37.15,37.69,0.0,36.87,36.87,36.74
1410,36.03,36.77,0.0,35.73,36.74,34.29
1411,34.49,34.77,1.0,33.85,34.29,35.08
1412,35.93,36.61,1.0,34.82,35.08,35.82
1413,36.24,36.35,1.0,35.72,35.82,36.24
1414,36.1,36.24,0.0,35.77,36.24,35.78
1415,35.69,36.19,0.0,35.6,35.78,35.67
1416,35.19,35.67,0.0,35.03,35.67,34.77
1417,34.1,34.95,0.0,33.87,34.77,33.58
1418,32.93,34.02,0.0,32.91,33.58,29.02
1419,31.31,32.28,1.0,29.0,29.02,32.98
1420,31.74,33.03,0.0,31.54,32.98,32.46
1421,32.52,32.62,1.0,31.11,32.46,33.36
1422,33.69,33.77,0.0,32.95,33.36,33.32
1423,33.14,33.57,0.0,32.93,33.32,32.91
1424,32.24,32.99,0.0,32.23,32.91,31.49
1425,31.6,32.1,1.0,31.23,31.49,32.01
1426,31.77,32.03,0.0,31.38,32.01,31.86
1427,32.54,32.74,1.0,31.8,31.86,32.0
1428,31.58,32.29,1.0,31.44,32.0,32.2
1429,30.9,32.83,0.0,30.86,32.2,30.4
1430,31.52,31.8,1.0,30.35,30.4,31.35
1431,31.15,31.59,0.0,31.03,31.35,31.09
1432,31.43,31.43,0.0,30.63,31.09,30.68
1433,30.32,30.92,0.0,30.0,30.68,29.72
1434,31.04,31.23,1.0,29.41,29.72,31.14
1435,31.4,31.77,1.0,30.99,31.14,31.31
1436,30.93,31.33,0.0,30.81,31.31,30.51
1437,30.74,30.8,1.0,30.41,30.51,31.2
1438,31.17,31.74,0.0,30.88,31.2,30.78
1439,30.4,30.92,0.0,30.17,30.78,30.56
1440,29.74,30.57,0.0,29.63,30.56,29.47
1441,29.34,29.57,1.0,28.85,29.47,29.66
1442,29.13,29.71,0.0,28.91,29.66,29.03
1443,27.6,29.22,0.0,27.2,29.03,28.58
1444,28.26,29.23,1.0,27.85,28.58,28.65
1445,28.91,29.11,1.0,28.49,28.65,28.95
1446,28.91,29.0,0.0,28.44,28.95,28.62
1447,30.71,30.71,1.0,28.43,28.62,30.8
1448,30.85,31.2,0.0,30.35,30.8,30.79
1449,30.96,31.19,1.0,30.66,30.79,31.31
1450,31.87,31.99,1.0,31.21,31.31,31.79
1451,32.37,32.5,1.0,31.73,31.79,32.35
1452,32.52,32.69,1.0,31.99,32.35,32.71
1453,32.86,33.02,0.0,32.55,32.71,32.56
1454,32.34,32.83,0.0,32.32,32.56,32.28
1455,32.09,32.49,1.0,31.77,32.28,32.42
1456,33.48,33.49,1.0,32.4,32.42,33.64
1457,33.37,33.86,0.0,33.16,33.64,33.26
1458,33.5,33.63,1.0,33.18,33.26,33.49
1459,32.83,33.59,0.0,32.77,33.49,32.06
1460,31.12,32.43,0.0,31.01,32.06,31.26
1461,31.67,31.9,1.0,31.21,31.26,32.65
1462,33.17,33.36,1.0,32.24,32.65,33.13
1463,33.4,33.49,1.0,33.0,33.13,34.97
1464,34.3,35.47,0.0,33.88,34.97,34.3
1465,35.19,35.27,1.0,34.3,34.3,34.87
1466,35.05,35.15,1.0,34.7,34.87,35.14
1467,35.62,35.7,1.0,35.05,35.14,35.46
1468,35.27,35.48,0.0,35.07,35.46,35.15
1469,34.72,35.34,0.0,34.65,35.15,34.89
1470,35.07,35.24,1.0,34.75,34.89,35.02
1471,35.12,35.3,0.0,34.16,35.02,34.94
1472,34.2,35.2,0.0,33.46,34.94,34.07
1473,33.68,34.08,0.0,33.08,34.07,33.45
1474,33.99,34.13,1.0,33.26,33.45,34.21
1475,33.38,34.23,0.0,33.03,34.21,33.2
1476,33.23,33.85,0.0,33.13,33.2,32.78
1477,32.19,33.04,0.0,32.17,32.78,32.23
1478,32.95,32.99,1.0,32.12,32.23,33.01
1479,32.86,33.12,0.0,32.62,33.01,32.89
1480,32.98,33.02,1.0,32.32,32.89,33.21
1481,32.63,33.5,0.0,32.58,33.21,32.86
1482,33.11,33.3,1.0,32.69,32.86,33.0
1483,33.36,33.87,1.0,32.87,33.0,33.09
1484,32.96,33.19,0.0,32.61,33.09,32.77
1485,33.16,33.52,1.0,32.75,32.77,32.79
1486,32.94,33.09,1.0,32.44,32.79,33.03
1487,33.81,33.83,1.0,32.85,33.03,33.87
1488,33.71,33.89,1.0,33.47,33.87,35.0
1489,35.65,36.39,1.0,34.77,35.0,35.59
1490,34.34,35.72,0.0,34.1,35.59,34.34
1491,34.91,35.2,1.0,34.18,34.34,34.76
1492,34.68,34.92,0.0,34.47,34.76,34.24
1493,34.85,34.98,1.0,34.03,34.24,35.8
1494,34.4,35.84,0.0,33.15,35.8,34.49
1495,34.63,34.73,0.0,33.91,34.49,34.01
1496,32.91,34.15,0.0,32.82,34.01,32.94
1497,32.59,33.27,0.0,32.21,32.94,32.53
1498,33.03,33.39,1.0,32.5,32.53,33.15
1499,33.78,33.88,1.0,32.91,33.15,33.81
1500,33.23,34.08,0.0,33.11,33.81,33.1
1501,32.95,33.63,1.0,32.87,33.1,33.12
1502,32.97,33.3,0.0,32.69,33.12,32.99
1503,34.19,34.21,1.0,32.97,32.99,34.24
1504,34.45,34.58,0.0,33.99,34.24,34.19
1505,34.11,34.74,0.0,34.1,34.19,33.9
1506,33.6,33.91,0.0,33.35,33.9,33.63
1507,34.04,34.17,1.0,33.6,33.63,33.85
1508,33.37,34.04,0.0,33.35,33.85,33.22
1509,33.26,33.69,0.0,33.18,33.22,32.12
1510,31.4,32.35,0.0,31.14,32.12,31.55
1511,32.2,32.33,1.0,31.53,31.55,31.67
1512,32.16,32.46,0.0,31.6,31.67,30.97
1513,30.16,31.19,0.0,30.02,30.97,30.51
1514,30.63,31.54,1.0,30.0,30.51,30.65
1515,30.17,30.75,0.0,29.74,30.65,30.58
1516,30.69,30.97,1.0,30.21,30.58,30.89
1517,29.44,31.17,0.0,29.33,30.89,29.69
1518,30.32,30.57,0.0,28.71,29.69,29.28
1519,29.14,29.77,1.0,28.59,29.28,29.84
1520,29.74,30.0,0.0,29.31,29.84,28.98
1521,28.78,29.11,0.0,27.44,28.98,28.75
1522,29.31,29.8,1.0,28.19,28.75,29.97
1523,29.75,30.52,0.0,29.31,29.97,29.96
1524,29.78,30.39,0.0,29.66,29.96,29.76
1525,29.98,30.19,1.0,29.62,29.76,29.9
1526,29.69,30.53,1.0,29.45,29.9,30.59
1527,28.75,30.63,0.0,28.6,30.59,29.1
1528,29.51,29.51,1.0,28.51,29.1,29.27
1529,29.57,29.79,1.0,28.79,29.27,29.32
1530,29.06,30.23,0.0,28.13,29.32,28.45
1531,27.68,28.61,0.0,26.57,28.45,27.91
1532,29.15,29.23,1.0,27.71,27.91,29.06
1533,27.97,29.14,0.0,27.73,29.06,27.61
1534,27.05,27.97,0.0,26.48,27.61,26.64
1535,26.82,27.69,1.0,26.51,26.64,27.11
1536,27.1,27.81,0.0,26.84,27.11,26.46
1537,26.76,26.97,1.0,26.15,26.46,27.12
1538,27.04,27.32,1.0,26.72,27.12,27.98
1539,29.28,29.44,1.0,27.94,27.98,29.47
1540,29.37,29.66,1.0,29.06,29.47,29.56
1541,29.42,30.14,1.0,29.39,29.56,30.19
1542,30.04,30.23,1.0,29.7,30.19,30.65
1543,31.17,31.21,1.0,30.39,30.65,31.2
1544,30.67,31.38,0.0,30.51,31.2,30.41
1545,30.95,31.12,1.0,29.8,30.41,30.74
1546,31.36,31.36,1.0,30.24,30.74,31.68
1547,31.37,31.9,0.0,31.22,31.68,31.31
1548,31.79,32.46,1.0,31.31,31.31,32.04
1549,32.8,32.85,1.0,32.04,32.04,32.81
1550,32.91,33.24,0.0,32.77,32.81,32.71
1551,32.88,33.21,1.0,32.42,32.71,32.91
1552,33.86,33.93,1.0,32.76,32.91,33.68
1553,33.96,34.38,0.0,33.59,33.68,33.66
1554,32.93,33.82,0.0,32.84,33.66,33.09
1555,33.51,33.52,1.0,32.78,33.09,33.59
1556,32.82,33.6,0.0,32.09,33.59,33.29
1557,33.81,33.86,1.0,32.84,33.29,33.75
1558,33.58,34.09,0.0,33.51,33.75,33.32
1559,33.26,33.46,0.0,33.11,33.32,33.03
1560,34.01,34.08,1.0,33.0,33.03,33.88
1561,34.28,34.55,1.0,33.87,33.88,34.54
1562,35.17,35.21,1.0,34.38,34.54,35.0
1563,35.47,36.1,0.0,35.0,35.0,34.68
1564,35.41,35.61,1.0,34.68,34.68,35.43
1565,34.8,35.7,0.0,34.71,35.43,34.45
1566,34.86,34.87,1.0,33.93,34.45,35.39
1567,35.23,35.45,0.0,34.62,35.39,35.05
1568,36.32,36.43,1.0,35.01,35.05,36.61
1569,36.56,37.28,0.0,36.44,36.61,36.51
1570,36.81,37.02,1.0,36.5,36.51,36.54
1571,36.48,36.88,1.0,36.31,36.54,36.55
1572,37.02,37.5,1.0,36.54,36.55,36.7
1573,36.41,36.92,0.0,36.22,36.7,36.4
1574,36.66,37.0,0.0,36.31,36.4,35.86
1575,36.17,37.25,1.0,35.72,35.86,36.85
1576,36.07,36.92,0.0,35.62,36.85,36.38
1577,36.48,36.85,1.0,36.32,36.38,36.65
1578,36.66,36.83,1.0,36.28,36.65,36.94
1579,37.31,37.35,1.0,36.9,36.94,37.47
1580,37.17,37.5,0.0,36.85,37.47,37.13
1581,36.51,37.15,0.0,36.42,37.13,36.24
1582,36.52,37.0,1.0,35.88,36.24,36.46
1583,36.33,36.73,1.0,36.11,36.46,37.1
1584,37.84,38.19,1.0,37.0,37.1,37.92
1585,37.67,38.12,0.0,37.35,37.92,37.5
1586,37.48,38.09,0.0,37.16,37.5,37.47
1587,37.23,37.54,0.0,37.18,37.47,37.32
1588,37.11,37.54,1.0,36.91,37.32,37.52
1589,36.95,37.59,0.0,36.63,37.52,36.84
1590,36.59,37.44,0.0,36.51,36.84,36.51
1591,36.6,36.98,1.0,36.15,36.51,36.65
1592,36.53,36.74,0.0,36.32,36.65,36.25
1593,36.01,36.41,0.0,35.91,36.25,35.81
1594,36.0,36.09,1.0,35.74,35.81,37.06
1595,36.94,37.45,0.0,36.86,37.06,36.55
1596,37.23,37.31,1.0,36.49,36.55,36.97
1597,37.18,37.35,1.0,36.92,36.97,37.17
1598,37.44,37.58,1.0,37.14,37.17,37.28
1599,37.37,37.63,1.0,37.2,37.28,37.39
1600,37.03,37.51,0.0,36.79,37.39,36.91
1601,36.48,37.07,1.0,36.38,36.91,37.03
1602,37.48,37.79,1.0,36.88,37.03,37.44
1603,37.27,37.7,0.0,37.25,37.44,37.09
1604,37.24,37.5,0.0,36.89,37.09,36.94
1605,37.02,37.23,0.0,36.67,36.94,36.05
1606,36.5,36.72,1.0,35.88,36.05,36.46
1607,36.66,36.95,1.0,36.43,36.46,36.85
1608,37.53,37.63,0.0,36.77,36.85,36.63
1609,35.59,36.96,0.0,35.47,36.63,36.13
1610,36.76,36.85,1.0,36.07,36.13,36.88
1611,37.82,37.88,1.0,36.84,36.88,37.73
1612,37.94,38.08,0.0,37.5,37.73,37.25
1613,36.65,37.74,0.0,36.56,37.25,36.66
1614,37.15,37.22,1.0,36.58,36.66,37.11
1615,36.6,37.11,0.0,36.5,37.11,36.67
1616,37.07,37.2,1.0,36.52,36.67,36.9
1617,36.73,36.99,0.0,36.63,36.9,36.84
1618,36.97,37.3,0.0,36.84,36.84,36.82
1619,37.35,37.73,1.0,36.71,36.82,36.97
1620,36.83,37.14,0.0,36.59,36.97,36.7
1621,36.47,36.91,0.0,36.42,36.7,36.63
1622,37.4,37.44,1.0,36.63,36.63,37.43
1623,37.32,37.6,0.0,37.1,37.43,37.39
1624,37.39,37.45,1.0,36.54,37.39,37.43
1625,36.94,37.44,0.0,36.81,37.43,37.27
1626,37.29,37.68,1.0,37.24,37.27,37.37
1627,37.4,37.55,0.0,37.2,37.37,37.37
1628,37.36,37.52,1.0,37.17,37.37,37.64
1629,37.78,37.78,0.0,37.41,37.64,36.4
1630,36.24,36.95,0.0,36.09,36.4,35.87
1631,35.22,36.01,0.0,35.05,35.87,35.58
1632,36.04,36.14,1.0,35.5,35.58,36.25
1633,36.86,37.08,1.0,36.25,36.25,36.89
1634,37.56,37.58,1.0,36.89,36.89,37.56
1635,37.99,38.08,1.0,37.43,37.56,37.68
1636,37.5,37.77,0.0,37.17,37.68,37.43
1637,37.51,37.56,1.0,37.13,37.43,37.57
1638,37.52,37.76,0.0,37.29,37.57,37.53
1639,37.74,37.84,0.0,37.06,37.53,37.44
1640,37.96,38.15,1.0,37.37,37.44,38.0
1641,37.89,38.33,0.0,37.87,38.0,37.99
1642,37.64,38.01,0.0,37.46,37.99,37.85
1643,37.96,38.35,1.0,37.85,37.85,38.16
1644,37.72,38.19,0.0,37.68,38.16,37.68
1645,37.95,37.97,1.0,37.5,37.68,37.77
1646,38.17,38.49,1.0,37.65,37.77,38.36
1647,38.9,38.93,1.0,38.26,38.36,39.01
1648,38.85,39.25,0.0,38.72,39.01,38.9
1649,39.38,39.42,1.0,38.78,38.9,39.2
1650,38.32,39.21,0.0,38.22,39.2,38.07
1651,38.76,38.83,1.0,37.9,38.07,38.66
1652,38.66,38.77,0.0,38.43,38.66,38.58
1653,38.52,38.64,0.0,38.23,38.58,38.47
1654,38.19,38.52,0.0,38.08,38.47,38.18
1655,38.8,38.89,1.0,38.1,38.18,38.6
1656,38.57,38.67,0.0,38.26,38.6,38.43
1657,38.39,38.55,1.0,38.28,38.43,38.47
1658,38.92,39.03,1.0,38.43,38.47,39.0
1659,38.99,39.15,0.0,38.9,39.0,39.0
1660,39.24,39.27,1.0,38.86,39.0,39.24
1661,39.24,39.31,1.0,39.1,39.24,39.34
1662,39.93,39.98,1.0,39.3,39.34,41.12
1663,41.27,41.73,1.0,40.93,41.12,41.28
1664,42.94,42.98,1.0,41.28,41.28,43.18
1665,42.67,43.29,0.0,42.43,43.18,42.3
1666,42.49,42.79,1.0,41.95,42.3,42.39
1667,42.7,42.75,1.0,42.39,42.39,42.69
1668,42.9,42.97,1.0,42.59,42.69,42.8
1669,43.02,43.12,1.0,42.65,42.8,42.84
1670,42.52,42.87,0.0,42.33,42.84,42.61
1671,42.6,42.91,0.0,42.45,42.61,42.5
1672,41.91,42.77,0.0,41.79,42.5,41.83
1673,42.03,42.24,1.0,41.73,41.83,42.15
1674,42.27,42.61,1.0,41.94,42.15,42.2
1675,42.26,42.46,1.0,42.08,42.2,42.28
1676,42.58,42.74,1.0,42.28,42.28,42.46
1677,42.75,42.8,1.0,42.46,42.46,42.78
1678,42.93,43.1,1.0,42.72,42.78,43.27
1679,43.28,43.6,1.0,43.08,43.27,43.5
1680,44.71,44.85,1.0,43.5,43.5,44.55
1681,44.35,44.92,0.0,44.19,44.55,44.07
1682,44.36,44.72,0.0,44.03,44.07,43.92
1683,42.92,44.15,0.0,42.82,43.92,42.28
1684,43.46,43.65,1.0,42.18,42.28,43.19
1685,43.04,43.52,0.0,42.69,43.19,42.91
1686,43.46,43.62,1.0,42.86,42.91,43.41
1687,43.99,44.05,1.0,43.22,43.41,43.94
1688,43.67,44.02,0.0,43.47,43.94,43.92
1689,43.19,43.95,0.0,43.0,43.92,43.24
1690,42.79,43.39,0.0,42.66,43.24,42.89
1691,44.14,44.22,1.0,42.89,42.89,43.94
1692,44.15,44.87,0.0,43.74,43.94,43.5
1693,42.8,43.76,0.0,42.54,43.5,42.38
1694,42.29,42.74,1.0,41.85,42.38,42.43
1695,43.37,43.41,1.0,42.32,42.43,43.4
1696,43.69,43.72,0.0,43.25,43.4,43.17
1697,42.57,43.3,0.0,42.43,43.17,42.74
1698,43.1,43.25,1.0,42.72,42.74,42.95
1699,43.13,43.18,1.0,42.82,42.95,43.2
1700,43.18,43.5,1.0,42.96,43.2,43.23
1701,43.71,43.87,1.0,43.22,43.23,43.64
1702,43.68,43.82,0.0,43.37,43.64,43.26
1703,43.22,43.68,1.0,43.12,43.26,43.36
1704,43.92,44.07,1.0,43.25,43.36,43.87
1705,42.68,44.08,0.0,42.49,43.87,42.6
1706,42.36,42.78,0.0,42.05,42.6,42.0
1707,41.62,42.08,1.0,41.17,42.0,42.04
1708,41.44,42.25,0.0,41.41,42.04,41.35
1709,41.79,41.94,1.0,41.24,41.35,42.04
1710,41.68,42.61,1.0,41.63,42.04,42.3
1711,42.73,42.94,1.0,42.26,42.3,42.69
1712,42.38,42.69,0.0,42.07,42.69,42.1
1713,42.17,42.2,1.0,41.73,42.1,42.5
1714,42.59,42.68,1.0,42.38,42.5,42.72
1715,42.55,42.75,0.0,42.43,42.72,42.26
1716,42.08,42.44,1.0,41.95,42.26,42.31
1717,41.87,42.49,0.0,41.81,42.31,42.03
1718,41.78,42.22,0.0,41.71,42.03,42.03
1719,41.55,42.16,0.0,41.55,42.03,41.13
1720,41.33,41.34,1.0,40.69,41.13,41.8
1721,40.68,42.16,0.0,40.36,41.8,40.62
1722,40.23,40.75,0.0,40.17,40.62,39.96
1723,40.28,40.67,1.0,39.8,39.96,41.17
1724,41.05,41.23,0.0,40.86,41.17,40.97
1725,41.16,41.28,0.0,40.68,40.97,40.44
1726,41.21,41.39,1.0,40.22,40.44,41.55
1727,40.16,41.65,0.0,39.54,41.55,39.84
1728,40.42,40.52,1.0,39.37,39.84,40.36
1729,39.3,40.39,0.0,38.87,40.36,39.61
1730,40.21,40.45,1.0,39.58,39.61,40.1
1731,40.98,41.05,1.0,40.1,40.1,41.34
1732,41.45,41.65,1.0,41.2,41.34,41.48
1733,41.19,41.65,0.0,40.9,41.48,41.44
1734,41.11,41.48,0.0,40.94,41.44,41.2
1735,41.01,41.4,0.0,40.83,41.2,40.91
1736,40.96,40.98,1.0,40.55,40.91,41.08
1737,40.87,41.08,0.0,40.71,41.08,40.85
1738,41.45,41.7,1.0,40.74,40.85,41.43
1739,41.6,41.83,1.0,41.12,41.43,41.62
1740,41.02,41.67,0.0,40.88,41.62,41.0
1741,39.63,41.04,0.0,39.53,41.0,39.77
1742,40.07,40.32,1.0,39.58,39.77,40.02
1743,40.2,40.39,1.0,39.85,40.02,40.31
1744,39.97,40.42,0.0,39.88,40.31,39.98
1745,40.52,40.57,1.0,39.75,39.98,40.66
1746,41.41,41.6,1.0,40.42,40.66,41.52
1747,41.76,41.8,0.0,41.44,41.52,41.45
1748,41.3,41.53,0.0,41.13,41.45,41.35
1749,41.47,41.79,1.0,41.14,41.35,41.44
1750,40.91,41.53,0.0,40.83,41.44,40.0
1751,38.41,40.0,0.0,38.25,40.0,38.62
1752,38.61,39.22,1.0,38.42,38.62,38.66
1753,38.42,38.79,0.0,38.27,38.66,38.4
1754,39.16,39.18,1.0,38.24,38.4,39.08
1755,39.15,39.32,0.0,38.97,39.08,38.69
1756,38.5,38.79,0.0,38.26,38.69,38.46
1757,38.66,38.81,1.0,38.37,38.46,38.59
1758,38.92,39.07,1.0,38.5,38.59,39.12
1759,38.73,39.22,0.0,38.71,39.12,38.76
